Word,Definition,Topic,Difficulty,Synonym,Antonym
Strict,Demanding that rules are obeyed; not allowing exceptions.,general-vocabulary,EASY,Harsh,Lenient
Strict,Demanding that rules are obeyed; not allowing exceptions.,synonyms,EASY,Harsh,Lenient
Strict,Demanding that rules are obeyed; not allowing exceptions.,antonyms,EASY,Harsh,Lenient
Convenient,Easy to use or helpful for a particular purpose.,general-vocabulary,EASY,Handy,Inconvenient
Convenient,Easy to use or helpful for a particular purpose.,synonyms,EASY,Handy,Inconvenient
Convenient,Easy to use or helpful for a particular purpose.,antonyms,EASY,Handy,Inconvenient
Plummet,To fall or drop straight down very quickly.,general-vocabulary,MEDIUM,Dive,Soar
Plummet,To fall or drop straight down very quickly.,synonyms,MEDIUM,Dive,Soar
Plummet,To fall or drop straight down very quickly.,antonyms,MEDIUM,Dive,Soar
Exuberant,"Full of energy, excitement, and cheerful enthusiasm.",general-vocabulary,HARD,Bouncy,Subdued
Exuberant,"Full of energy, excitement, and cheerful enthusiasm.",synonyms,HARD,Bouncy,Subdued
Exuberant,"Full of energy, excitement, and cheerful enthusiasm.",antonyms,HARD,Bouncy,Subdued
Rank,"To place things in order according to quality, importance, etc.",general-vocabulary,EASY,Arrange,Disorder
Rank,"To place things in order according to quality, importance, etc.",synonyms,EASY,Arrange,Disorder
Rank,"To place things in order according to quality, importance, etc.",antonyms,EASY,Arrange,Disorder
Thick / Unclear,Difficult to see through or understand.,general-vocabulary,MEDIUM,Murky,Clear
Thick / Unclear,Difficult to see through or understand.,synonyms,MEDIUM,Murky,Clear
Thick / Unclear,Difficult to see through or understand.,antonyms,MEDIUM,Murky,Clear
Sole,Being the only one; single and not shared.,general-vocabulary,EASY,Lone,Multiple
Sole,Being the only one; single and not shared.,synonyms,EASY,Lone,Multiple
Sole,Being the only one; single and not shared.,antonyms,EASY,Lone,Multiple
Manifold,Many and of different kinds.,general-vocabulary,HARD,Myriad,Single
Manifold,Many and of different kinds.,synonyms,HARD,Myriad,Single
Manifold,Many and of different kinds.,antonyms,HARD,Myriad,Single
Promote,To support or help something progress or develop.,general-vocabulary,EASY,Facilitate,Demote
Promote,To support or help something progress or develop.,synonyms,EASY,Facilitate,Demote
Promote,To support or help something progress or develop.,antonyms,EASY,Facilitate,Demote
Ornate,Richly and heavily decorated with complex patterns.,general-vocabulary,HARD,Highly decorated,Plain
Ornate,Richly and heavily decorated with complex patterns.,synonyms,HARD,Highly decorated,Plain
Ornate,Richly and heavily decorated with complex patterns.,antonyms,HARD,Highly decorated,Plain
Thwart,To stop something from happening or succeeding.,general-vocabulary,HARD,Prevent,Assist
Thwart,To stop something from happening or succeeding.,synonyms,HARD,Prevent,Assist
Thwart,To stop something from happening or succeeding.,antonyms,HARD,Prevent,Assist
Immune,Protected from something; not affected by it.,general-vocabulary,EASY,Resistant,Susceptible
Immune,Protected from something; not affected by it.,synonyms,EASY,Resistant,Susceptible
Immune,Protected from something; not affected by it.,antonyms,EASY,Resistant,Susceptible
Furtive,Done in a secretive way to avoid notice.,general-vocabulary,HARD,Stealthy,Overt
Furtive,Done in a secretive way to avoid notice.,synonyms,HARD,Stealthy,Overt
Furtive,Done in a secretive way to avoid notice.,antonyms,HARD,Stealthy,Overt
Breach,"An act of breaking a rule, or a gap in a wall or barrier.",general-vocabulary,MEDIUM,Break,Uphold
Breach,"An act of breaking a rule, or a gap in a wall or barrier.",synonyms,MEDIUM,Break,Uphold
Breach,"An act of breaking a rule, or a gap in a wall or barrier.",antonyms,MEDIUM,Break,Uphold
Congenial,Friendly and enjoyable; well-suited to your tastes.,general-vocabulary,HARD,Pleasant,Unpleasant
Congenial,Friendly and enjoyable; well-suited to your tastes.,synonyms,HARD,Pleasant,Unpleasant
Congenial,Friendly and enjoyable; well-suited to your tastes.,antonyms,HARD,Pleasant,Unpleasant
Amusement,"Enjoyment, laughter, or fun.",general-vocabulary,EASY,Mirth,Boredom
Amusement,"Enjoyment, laughter, or fun.",synonyms,EASY,Mirth,Boredom
Amusement,"Enjoyment, laughter, or fun.",antonyms,EASY,Mirth,Boredom
Flamboyant,"Very noticeable, flashy, or confident in style.",general-vocabulary,HARD,Showy,Modest
Flamboyant,"Very noticeable, flashy, or confident in style.",synonyms,HARD,Showy,Modest
Flamboyant,"Very noticeable, flashy, or confident in style.",antonyms,HARD,Showy,Modest
Score,To gain points in a game or test.,general-vocabulary,EASY,Earn,Lose
Score,To gain points in a game or test.,synonyms,EASY,Earn,Lose
Score,To gain points in a game or test.,antonyms,EASY,Earn,Lose
Excruciating,Extremely painful or intense.,general-vocabulary,HARD,Agonising,Soothing
Excruciating,Extremely painful or intense.,synonyms,HARD,Agonising,Soothing
Excruciating,Extremely painful or intense.,antonyms,HARD,Agonising,Soothing
Then,At that time or next in order.,general-vocabulary,EASY,Afterward,Before
Then,At that time or next in order.,synonyms,EASY,Afterward,Before
Then,At that time or next in order.,antonyms,EASY,Afterward,Before
Pointing,Aiming a finger or object towards something to show its position.,general-vocabulary,EASY,Indicating,Misdirecting
Pointing,Aiming a finger or object towards something to show its position.,synonyms,EASY,Indicating,Misdirecting
Pointing,Aiming a finger or object towards something to show its position.,antonyms,EASY,Indicating,Misdirecting
Aiming,Pointing something towards a target or goal.,general-vocabulary,EASY,Targeting,Straying
Aiming,Pointing something towards a target or goal.,synonyms,EASY,Targeting,Straying
Aiming,Pointing something towards a target or goal.,antonyms,EASY,Targeting,Straying
Receive,To be given something or have something come to you.,general-vocabulary,EASY,Get,Give
Receive,To be given something or have something come to you.,synonyms,EASY,Get,Give
Receive,To be given something or have something come to you.,antonyms,EASY,Get,Give
Acquire,"To get or buy something, especially after effort.",general-vocabulary,MEDIUM,Obtain,Lose
Acquire,"To get or buy something, especially after effort.",synonyms,MEDIUM,Obtain,Lose
Acquire,"To get or buy something, especially after effort.",antonyms,MEDIUM,Obtain,Lose
Fissure,"A long, narrow opening or split, especially in rock or the ground.",general-vocabulary,HARD,Crack,Closure
Fissure,"A long, narrow opening or split, especially in rock or the ground.",synonyms,HARD,Crack,Closure
Fissure,"A long, narrow opening or split, especially in rock or the ground.",antonyms,HARD,Crack,Closure
Opening,A space or hole that allows passage or access.,general-vocabulary,EASY,Gap,Closing
Opening,A space or hole that allows passage or access.,synonyms,EASY,Gap,Closing
Opening,A space or hole that allows passage or access.,antonyms,EASY,Gap,Closing
Belligerent,Aggressive and ready to argue or fight.,general-vocabulary,HARD,Hostile,Peaceful
Belligerent,Aggressive and ready to argue or fight.,synonyms,HARD,Hostile,Peaceful
Belligerent,Aggressive and ready to argue or fight.,antonyms,HARD,Hostile,Peaceful
Aggressive,Ready to attack or confront; behaving in a pushy way.,general-vocabulary,MEDIUM,Forceful,Submissive
Aggressive,Ready to attack or confront; behaving in a pushy way.,synonyms,MEDIUM,Forceful,Submissive
Aggressive,Ready to attack or confront; behaving in a pushy way.,antonyms,MEDIUM,Forceful,Submissive
Flouted,Openly disobeyed a rule or showed disrespect for it.,general-vocabulary,HARD,Defied,Obeyed
Flouted,Openly disobeyed a rule or showed disrespect for it.,synonyms,HARD,Defied,Obeyed
Flouted,Openly disobeyed a rule or showed disrespect for it.,antonyms,HARD,Defied,Obeyed
Mocked,Made fun of someone or something in an unkind way.,general-vocabulary,EASY,Ridiculed,Praised
Mocked,Made fun of someone or something in an unkind way.,synonyms,EASY,Ridiculed,Praised
Mocked,Made fun of someone or something in an unkind way.,antonyms,EASY,Ridiculed,Praised
Diverse,Showing a great deal of variety; made up of different types.,general-vocabulary,MEDIUM,Varied,Similar
Diverse,Showing a great deal of variety; made up of different types.,synonyms,MEDIUM,Varied,Similar
Diverse,Showing a great deal of variety; made up of different types.,antonyms,MEDIUM,Varied,Similar
Rancid,"Having an unpleasant smell or taste, often because it is old or spoiled.",general-vocabulary,HARD,Sour,Fresh
Rancid,"Having an unpleasant smell or taste, often because it is old or spoiled.",synonyms,HARD,Sour,Fresh
Rancid,"Having an unpleasant smell or taste, often because it is old or spoiled.",antonyms,HARD,Sour,Fresh
Rotten,Bad or spoiled because of decay; no longer fresh.,general-vocabulary,EASY,Decayed,Fresh
Rotten,Bad or spoiled because of decay; no longer fresh.,synonyms,EASY,Decayed,Fresh
Rotten,Bad or spoiled because of decay; no longer fresh.,antonyms,EASY,Decayed,Fresh
Hesitation,A moment of stopping or delaying because you are unsure what to do.,general-vocabulary,EASY,Pause,Certainty
Hesitation,A moment of stopping or delaying because you are unsure what to do.,synonyms,EASY,Pause,Certainty
Hesitation,A moment of stopping or delaying because you are unsure what to do.,antonyms,EASY,Pause,Certainty
Trembling,"Shaking slightly, often from fear, cold, or nervousness.",general-vocabulary,EASY,Shaking,Steady
Trembling,"Shaking slightly, often from fear, cold, or nervousness.",synonyms,EASY,Shaking,Steady
Trembling,"Shaking slightly, often from fear, cold, or nervousness.",antonyms,EASY,Shaking,Steady
Tweak,To make a small change to improve something.,general-vocabulary,MEDIUM,Adjust,Damage
Tweak,To make a small change to improve something.,synonyms,MEDIUM,Adjust,Damage
Tweak,To make a small change to improve something.,antonyms,MEDIUM,Adjust,Damage
Adjust,To change something slightly so it works better or fits properly.,general-vocabulary,EASY,Alter,Disarrange
Adjust,To change something slightly so it works better or fits properly.,synonyms,EASY,Alter,Disarrange
Adjust,To change something slightly so it works better or fits properly.,antonyms,EASY,Alter,Disarrange
Intervene,To become involved in a situation to change or stop it.,general-vocabulary,HARD,Step in,Ignore
Intervene,To become involved in a situation to change or stop it.,synonyms,HARD,Step in,Ignore
Intervene,To become involved in a situation to change or stop it.,antonyms,HARD,Step in,Ignore
Mediate,To help people in a disagreement reach an agreement.,general-vocabulary,HARD,Negotiate,Incite
Mediate,To help people in a disagreement reach an agreement.,synonyms,HARD,Negotiate,Incite
Mediate,To help people in a disagreement reach an agreement.,antonyms,HARD,Negotiate,Incite
Crude,"Lacking refinement, tact, or good manners; rough or unpolished in behaviour.",general-vocabulary,MEDIUM,Ill-mannered,Refined
Crude,"Lacking refinement, tact, or good manners; rough or unpolished in behaviour.",synonyms,MEDIUM,Ill-mannered,Refined
Crude,"Lacking refinement, tact, or good manners; rough or unpolished in behaviour.",antonyms,MEDIUM,Ill-mannered,Refined
Green,A type of aquatic plant or algae; also refers to the colour of growing plants.,general-vocabulary,EASY,Seaweed,Withered
Green,A type of aquatic plant or algae; also refers to the colour of growing plants.,synonyms,EASY,Seaweed,Withered
Green,A type of aquatic plant or algae; also refers to the colour of growing plants.,antonyms,EASY,Seaweed,Withered
Nobility,"A class of people with high social or political status, often hereditary.",general-vocabulary,MEDIUM,Aristocracy,Commoners
Nobility,"A class of people with high social or political status, often hereditary.",synonyms,MEDIUM,Aristocracy,Commoners
Nobility,"A class of people with high social or political status, often hereditary.",antonyms,MEDIUM,Aristocracy,Commoners
Punctual,"Arriving, doing something, or happening at the expected or correct time.",general-vocabulary,EASY,Prompt,Late
Punctual,"Arriving, doing something, or happening at the expected or correct time.",synonyms,EASY,Prompt,Late
Punctual,"Arriving, doing something, or happening at the expected or correct time.",antonyms,EASY,Prompt,Late
Chastise,To criticize or punish someone severely for misbehaviour or mistakes.,general-vocabulary,HARD,Scold,Praise
Chastise,To criticize or punish someone severely for misbehaviour or mistakes.,synonyms,HARD,Scold,Praise
Chastise,To criticize or punish someone severely for misbehaviour or mistakes.,antonyms,HARD,Scold,Praise
Banish,To send someone away from a country or place as a punishment.,general-vocabulary,MEDIUM,Deport,Welcome
Banish,To send someone away from a country or place as a punishment.,synonyms,MEDIUM,Deport,Welcome
Banish,To send someone away from a country or place as a punishment.,antonyms,MEDIUM,Deport,Welcome
Bendy,Easily bent or shaped; not stiff or rigid.,general-vocabulary,EASY,Flexible,Stiff
Bendy,Easily bent or shaped; not stiff or rigid.,synonyms,EASY,Flexible,Stiff
Bendy,Easily bent or shaped; not stiff or rigid.,antonyms,EASY,Flexible,Stiff
Pioneer,"A person who is among the first to explore, develop, or start something new.",general-vocabulary,MEDIUM,Do first,Follower
Pioneer,"A person who is among the first to explore, develop, or start something new.",synonyms,MEDIUM,Do first,Follower
Pioneer,"A person who is among the first to explore, develop, or start something new.",antonyms,MEDIUM,Do first,Follower
Magical,Having special powers or qualities that seem supernatural or fascinating.,general-vocabulary,EASY,Enchanting,Ordinary
Magical,Having special powers or qualities that seem supernatural or fascinating.,synonyms,EASY,Enchanting,Ordinary
Magical,Having special powers or qualities that seem supernatural or fascinating.,antonyms,EASY,Enchanting,Ordinary
Wither,"To become dry, shrivelled, or weak; to lose vitality or freshness.",general-vocabulary,HARD,Droop,Flourish
Wither,"To become dry, shrivelled, or weak; to lose vitality or freshness.",synonyms,HARD,Droop,Flourish
Wither,"To become dry, shrivelled, or weak; to lose vitality or freshness.",antonyms,HARD,Droop,Flourish
Dilapidated,Falling apart or in a state of disrepair; neglected and decaying.,general-vocabulary,HARD,Ramshackle,Well-maintained
Dilapidated,Falling apart or in a state of disrepair; neglected and decaying.,synonyms,HARD,Ramshackle,Well-maintained
Dilapidated,Falling apart or in a state of disrepair; neglected and decaying.,antonyms,HARD,Ramshackle,Well-maintained
Wavering,Showing indecision or doubt; moving unsteadily back and forth.,general-vocabulary,MEDIUM,Hesitant,Steadfast
Wavering,Showing indecision or doubt; moving unsteadily back and forth.,synonyms,MEDIUM,Hesitant,Steadfast
Wavering,Showing indecision or doubt; moving unsteadily back and forth.,antonyms,MEDIUM,Hesitant,Steadfast
Elude,"To evade or escape from something, often skillfully or cleverly.",general-vocabulary,HARD,Avoid,Confront
Elude,"To evade or escape from something, often skillfully or cleverly.",synonyms,HARD,Avoid,Confront
Elude,"To evade or escape from something, often skillfully or cleverly.",antonyms,HARD,Avoid,Confront
Distort,"To change the shape, sound, or appearance of something so that it is no longer true or accurate.",general-vocabulary,MEDIUM,Deform,Represent accurately
Distort,"To change the shape, sound, or appearance of something so that it is no longer true or accurate.",synonyms,MEDIUM,Deform,Represent accurately
Distort,"To change the shape, sound, or appearance of something so that it is no longer true or accurate.",antonyms,MEDIUM,Deform,Represent accurately
Accept,To consent to receive or undertake something offered; to tolerate or endure.,general-vocabulary,EASY,Abide,Reject
Accept,To consent to receive or undertake something offered; to tolerate or endure.,synonyms,EASY,Abide,Reject
Accept,To consent to receive or undertake something offered; to tolerate or endure.,antonyms,EASY,Abide,Reject
Cold,Having a low temperature; lacking warmth or affection.,general-vocabulary,EASY,Freezing,Warm
Cold,Having a low temperature; lacking warmth or affection.,synonyms,EASY,Freezing,Warm
Cold,Having a low temperature; lacking warmth or affection.,antonyms,EASY,Freezing,Warm
Compliance,"The act of agreeing with or following rules, requests, or commands.",general-vocabulary,HARD,Consent,Defiance
Compliance,"The act of agreeing with or following rules, requests, or commands.",synonyms,HARD,Consent,Defiance
Compliance,"The act of agreeing with or following rules, requests, or commands.",antonyms,HARD,Consent,Defiance
Run,To move swiftly on foot or to hurry in action or operation.,general-vocabulary,EASY,Rush,Walk
Run,To move swiftly on foot or to hurry in action or operation.,synonyms,EASY,Rush,Walk
Run,To move swiftly on foot or to hurry in action or operation.,antonyms,EASY,Rush,Walk
Barmy,"Foolish, eccentric, or slightly insane.",general-vocabulary,HARD,Mad,Sane
Barmy,"Foolish, eccentric, or slightly insane.",synonyms,HARD,Mad,Sane
Barmy,"Foolish, eccentric, or slightly insane.",antonyms,HARD,Mad,Sane
Radiant,Shining brightly; showing happiness or health.,general-vocabulary,MEDIUM,Joyful,Dull
Radiant,Shining brightly; showing happiness or health.,synonyms,MEDIUM,Joyful,Dull
Radiant,Shining brightly; showing happiness or health.,antonyms,MEDIUM,Joyful,Dull
Novel,New and unusual; not like anything seen before.,general-vocabulary,MEDIUM,Original,Familiar
Novel,New and unusual; not like anything seen before.,synonyms,MEDIUM,Original,Familiar
Novel,New and unusual; not like anything seen before.,antonyms,MEDIUM,Original,Familiar
Common,Found often or shared by many; not unusual.,general-vocabulary,EASY,Ordinary,Rare
Common,Found often or shared by many; not unusual.,synonyms,EASY,Ordinary,Rare
Common,Found often or shared by many; not unusual.,antonyms,EASY,Ordinary,Rare
Perished,"Died or was destroyed, especially in a sudden or tragic way.",general-vocabulary,MEDIUM,Died,Survived
Perished,"Died or was destroyed, especially in a sudden or tragic way.",synonyms,MEDIUM,Died,Survived
Perished,"Died or was destroyed, especially in a sudden or tragic way.",antonyms,MEDIUM,Died,Survived
Began,Started something or caused something to start.,general-vocabulary,EASY,Started,Ended
Began,Started something or caused something to start.,synonyms,EASY,Started,Ended
Began,Started something or caused something to start.,antonyms,EASY,Started,Ended
Whole,All of something; not divided or broken.,general-vocabulary,EASY,Complete,Partial
Whole,All of something; not divided or broken.,synonyms,EASY,Complete,Partial
Whole,All of something; not divided or broken.,antonyms,EASY,Complete,Partial
Partial,Not complete; only part of something.,general-vocabulary,EASY,Incomplete,Whole
Partial,Not complete; only part of something.,synonyms,EASY,Incomplete,Whole
Partial,Not complete; only part of something.,antonyms,EASY,Incomplete,Whole
Onerous,Difficult to do and needing a lot of effort.,general-vocabulary,HARD,Burdensome,Easy
Onerous,Difficult to do and needing a lot of effort.,synonyms,HARD,Burdensome,Easy
Onerous,Difficult to do and needing a lot of effort.,antonyms,HARD,Burdensome,Easy
Easy,Not difficult; done without much effort.,general-vocabulary,EASY,Simple,Difficult
Easy,Not difficult; done without much effort.,synonyms,EASY,Simple,Difficult
Easy,Not difficult; done without much effort.,antonyms,EASY,Simple,Difficult
Midnight,The middle of the night; 12:00 a.m.,general-vocabulary,EASY,Twelve o'clock,Noon
Midnight,The middle of the night; 12:00 a.m.,synonyms,EASY,Twelve o'clock,Noon
Midnight,The middle of the night; 12:00 a.m.,antonyms,EASY,Twelve o'clock,Noon
Noon,The middle of the day; 12:00 p.m.,general-vocabulary,EASY,Midday,Midnight
Noon,The middle of the day; 12:00 p.m.,synonyms,EASY,Midday,Midnight
Noon,The middle of the day; 12:00 p.m.,antonyms,EASY,Midday,Midnight
Advance,"To move forwards or make progress, especially towards a goal.",general-vocabulary,EASY,Progress,Retreat
Advance,"To move forwards or make progress, especially towards a goal.",synonyms,EASY,Progress,Retreat
Advance,"To move forwards or make progress, especially towards a goal.",antonyms,EASY,Progress,Retreat
Cease,To stop happening or to bring something to an end.,general-vocabulary,MEDIUM,Stop,Begin
Cease,To stop happening or to bring something to an end.,synonyms,MEDIUM,Stop,Begin
Cease,To stop happening or to bring something to an end.,antonyms,MEDIUM,Stop,Begin
Vigilant,Carefully watching for possible danger or difficulties.,general-vocabulary,HARD,Watchful,Inattentive
Vigilant,Carefully watching for possible danger or difficulties.,synonyms,HARD,Watchful,Inattentive
Vigilant,Carefully watching for possible danger or difficulties.,antonyms,HARD,Watchful,Inattentive
Distracted,Unable to concentrate because your attention is drawn elsewhere.,general-vocabulary,EASY,Unfocused,Focused
Distracted,Unable to concentrate because your attention is drawn elsewhere.,synonyms,EASY,Unfocused,Focused
Distracted,Unable to concentrate because your attention is drawn elsewhere.,antonyms,EASY,Unfocused,Focused
After,Happening later in time; coming behind something else.,general-vocabulary,EASY,Later,Before
After,Happening later in time; coming behind something else.,synonyms,EASY,Later,Before
After,Happening later in time; coming behind something else.,antonyms,EASY,Later,Before
Preceding,"Coming before something else in time, place, or order.",general-vocabulary,HARD,Previous,Following
Preceding,"Coming before something else in time, place, or order.",synonyms,HARD,Previous,Following
Preceding,"Coming before something else in time, place, or order.",antonyms,HARD,Previous,Following
Melancholy,"A deep, thoughtful sadness that lasts for a while.",general-vocabulary,HARD,Sadness,Happiness
Melancholy,"A deep, thoughtful sadness that lasts for a while.",synonyms,HARD,Sadness,Happiness
Melancholy,"A deep, thoughtful sadness that lasts for a while.",antonyms,HARD,Sadness,Happiness
Bright,"Full of light or showing a happy, lively mood.",general-vocabulary,EASY,Cheerful,Dull
Bright,"Full of light or showing a happy, lively mood.",synonyms,EASY,Cheerful,Dull
Bright,"Full of light or showing a happy, lively mood.",antonyms,EASY,Cheerful,Dull
Modest,Not boastful; not showing off about your abilities or possessions.,general-vocabulary,MEDIUM,Humble,Boastful
Modest,Not boastful; not showing off about your abilities or possessions.,synonyms,MEDIUM,Humble,Boastful
Modest,Not boastful; not showing off about your abilities or possessions.,antonyms,MEDIUM,Humble,Boastful
Peripheral,Relating to or situated on the edge of something; of secondary importance.,general-vocabulary,HARD,Marginal,Central
Peripheral,Relating to or situated on the edge of something; of secondary importance.,synonyms,HARD,Marginal,Central
Peripheral,Relating to or situated on the edge of something; of secondary importance.,antonyms,HARD,Marginal,Central
Toiled,"Worked extremely hard or continuously, often at something physically or mentally demanding.",general-vocabulary,HARD,Slaved,Rested
Toiled,"Worked extremely hard or continuously, often at something physically or mentally demanding.",synonyms,HARD,Slaved,Rested
Toiled,"Worked extremely hard or continuously, often at something physically or mentally demanding.",antonyms,HARD,Slaved,Rested
Watertight,Preventing water from entering; also used for arguments that are impossible to disprove.,general-vocabulary,MEDIUM,Impenetrable,Leaky
Watertight,Preventing water from entering; also used for arguments that are impossible to disprove.,synonyms,MEDIUM,Impenetrable,Leaky
Watertight,Preventing water from entering; also used for arguments that are impossible to disprove.,antonyms,MEDIUM,Impenetrable,Leaky
Consent,Permission for something to happen or agreement to do something.,general-vocabulary,MEDIUM,Sanction,Refusal
Consent,Permission for something to happen or agreement to do something.,synonyms,MEDIUM,Sanction,Refusal
Consent,Permission for something to happen or agreement to do something.,antonyms,MEDIUM,Sanction,Refusal
Submit,"To give in to authority, control, or a stronger force.",general-vocabulary,EASY,Yield,Resist
Submit,"To give in to authority, control, or a stronger force.",synonyms,EASY,Yield,Resist
Submit,"To give in to authority, control, or a stronger force.",antonyms,EASY,Yield,Resist
Insolent,Showing a rude and arrogant lack of respect.,general-vocabulary,HARD,Contemptuous,Respectful
Insolent,Showing a rude and arrogant lack of respect.,synonyms,HARD,Contemptuous,Respectful
Insolent,Showing a rude and arrogant lack of respect.,antonyms,HARD,Contemptuous,Respectful
Extrovert,A person who is socially confident and energised by interacting with others.,general-vocabulary,HARD,Outgoing,Introvert
Extrovert,A person who is socially confident and energised by interacting with others.,synonyms,HARD,Outgoing,Introvert
Extrovert,A person who is socially confident and energised by interacting with others.,antonyms,HARD,Outgoing,Introvert
Extended,"Made longer, larger, or more extensive in time, size, or scope.",general-vocabulary,EASY,Enlarged,Shortened
Extended,"Made longer, larger, or more extensive in time, size, or scope.",synonyms,EASY,Enlarged,Shortened
Extended,"Made longer, larger, or more extensive in time, size, or scope.",antonyms,EASY,Enlarged,Shortened
Tremble,"To shake involuntarily, typically as a result of anxiety, excitement, or weakness.",general-vocabulary,EASY,Shiver,Steady
Tremble,"To shake involuntarily, typically as a result of anxiety, excitement, or weakness.",synonyms,EASY,Shiver,Steady
Tremble,"To shake involuntarily, typically as a result of anxiety, excitement, or weakness.",antonyms,EASY,Shiver,Steady
Foretell,To state or indicate in advance what will happen in the future.,general-vocabulary,HARD,Predict,Recount
Foretell,To state or indicate in advance what will happen in the future.,synonyms,HARD,Predict,Recount
Foretell,To state or indicate in advance what will happen in the future.,antonyms,HARD,Predict,Recount
Solace,A feeling of comfort or relief when you are upset or in trouble.,general-vocabulary,MEDIUM,Comfort,Distress
Solace,A feeling of comfort or relief when you are upset or in trouble.,synonyms,MEDIUM,Comfort,Distress
Solace,A feeling of comfort or relief when you are upset or in trouble.,antonyms,MEDIUM,Comfort,Distress
Exquisite,Extremely beautiful or carefully made; very pleasing.,general-vocabulary,MEDIUM,Delightful,Ugly
Exquisite,Extremely beautiful or carefully made; very pleasing.,synonyms,MEDIUM,Delightful,Ugly
Exquisite,Extremely beautiful or carefully made; very pleasing.,antonyms,MEDIUM,Delightful,Ugly
Tomb,"A place where a dead person is buried, especially a large stone structure.",general-vocabulary,EASY,Grave,Cradle
Tomb,"A place where a dead person is buried, especially a large stone structure.",synonyms,EASY,Grave,Cradle
Tomb,"A place where a dead person is buried, especially a large stone structure.",antonyms,EASY,Grave,Cradle
Prepared,Made ready for something; equipped or organised in advance.,general-vocabulary,EASY,Ready,Unready
Prepared,Made ready for something; equipped or organised in advance.,synonyms,EASY,Ready,Unready
Prepared,Made ready for something; equipped or organised in advance.,antonyms,EASY,Ready,Unready
Cite,"To refer to something as evidence, or to repeat someone's words.",general-vocabulary,MEDIUM,Quote,Ignore
Cite,"To refer to something as evidence, or to repeat someone's words.",synonyms,MEDIUM,Quote,Ignore
Cite,"To refer to something as evidence, or to repeat someone's words.",antonyms,MEDIUM,Quote,Ignore
Strange,Odd or unusual; not familiar.,general-vocabulary,EASY,Unusual,Normal
Strange,Odd or unusual; not familiar.,synonyms,EASY,Unusual,Normal
Strange,Odd or unusual; not familiar.,antonyms,EASY,Unusual,Normal
Vitality,Liveliness and strength; the power to stay active and healthy.,general-vocabulary,MEDIUM,Energy,Lethargy
Vitality,Liveliness and strength; the power to stay active and healthy.,synonyms,MEDIUM,Energy,Lethargy
Vitality,Liveliness and strength; the power to stay active and healthy.,antonyms,MEDIUM,Energy,Lethargy
Wade,"To walk through water or a difficult substance, moving slowly and carefully.",general-vocabulary,EASY,Paddle,Fly
Wade,"To walk through water or a difficult substance, moving slowly and carefully.",synonyms,EASY,Paddle,Fly
Wade,"To walk through water or a difficult substance, moving slowly and carefully.",antonyms,EASY,Paddle,Fly
Displace,To move something from its usual place; to take the place of something else.,general-vocabulary,MEDIUM,Move,Reinstate
Displace,To move something from its usual place; to take the place of something else.,synonyms,MEDIUM,Move,Reinstate
Displace,To move something from its usual place; to take the place of something else.,antonyms,MEDIUM,Move,Reinstate
Decoy,Something used to trick or attract someone or something into a trap.,general-vocabulary,MEDIUM,Lure,Warning
Decoy,Something used to trick or attract someone or something into a trap.,synonyms,MEDIUM,Lure,Warning
Decoy,Something used to trick or attract someone or something into a trap.,antonyms,MEDIUM,Lure,Warning
Ugly,Unpleasant to look at; very unattractive.,general-vocabulary,EASY,Hideous,Beautiful
Ugly,Unpleasant to look at; very unattractive.,synonyms,EASY,Hideous,Beautiful
Ugly,Unpleasant to look at; very unattractive.,antonyms,EASY,Hideous,Beautiful
Book,To arrange in advance; to order or reserve something (such as tickets or a table).,general-vocabulary,EASY,Reserve,Cancel
Book,To arrange in advance; to order or reserve something (such as tickets or a table).,synonyms,EASY,Reserve,Cancel
Book,To arrange in advance; to order or reserve something (such as tickets or a table).,antonyms,EASY,Reserve,Cancel
Rural,Relating to the countryside rather than the town or city.,general-vocabulary,MEDIUM,Pastoral,Urban
Rural,Relating to the countryside rather than the town or city.,synonyms,MEDIUM,Pastoral,Urban
Rural,Relating to the countryside rather than the town or city.,antonyms,MEDIUM,Pastoral,Urban
Key,Very important; necessary for success or understanding.,general-vocabulary,EASY,Crucial,Minor
Key,Very important; necessary for success or understanding.,synonyms,EASY,Crucial,Minor
Key,Very important; necessary for success or understanding.,antonyms,EASY,Crucial,Minor
Impact,"A strong effect on something, or the act of one object hitting another.",general-vocabulary,EASY,Collision,Avoidance
Impact,"A strong effect on something, or the act of one object hitting another.",synonyms,EASY,Collision,Avoidance
Impact,"A strong effect on something, or the act of one object hitting another.",antonyms,EASY,Collision,Avoidance
Convey,"To communicate or make an idea, feeling, or message understood; to carry or transport.",general-vocabulary,MEDIUM,Communicate,Conceal
Convey,"To communicate or make an idea, feeling, or message understood; to carry or transport.",synonyms,MEDIUM,Communicate,Conceal
Convey,"To communicate or make an idea, feeling, or message understood; to carry or transport.",antonyms,MEDIUM,Communicate,Conceal
Unstable,Not steady or secure; likely to change suddenly or behave unpredictably.,general-vocabulary,EASY,Volatile,Stable
Unstable,Not steady or secure; likely to change suddenly or behave unpredictably.,synonyms,EASY,Volatile,Stable
Unstable,Not steady or secure; likely to change suddenly or behave unpredictably.,antonyms,EASY,Volatile,Stable
Hallucinate,"To see, hear, or sense things that are not really there.",general-vocabulary,MEDIUM,Fantasize,Perceive
Hallucinate,"To see, hear, or sense things that are not really there.",synonyms,MEDIUM,Fantasize,Perceive
Hallucinate,"To see, hear, or sense things that are not really there.",antonyms,MEDIUM,Fantasize,Perceive
Dilute,To make something less strong by adding another substance or reducing its strength.,general-vocabulary,MEDIUM,Weaken,Concentrate
Dilute,To make something less strong by adding another substance or reducing its strength.,synonyms,MEDIUM,Weaken,Concentrate
Dilute,To make something less strong by adding another substance or reducing its strength.,antonyms,MEDIUM,Weaken,Concentrate
Tough,Strong and difficult to break or defeat; not giving way easily.,general-vocabulary,EASY,Stubborn,Tender
Tough,Strong and difficult to break or defeat; not giving way easily.,synonyms,EASY,Stubborn,Tender
Tough,Strong and difficult to break or defeat; not giving way easily.,antonyms,EASY,Stubborn,Tender
Little,Not big in size or amount; small.,general-vocabulary,EASY,Small,Large
Little,Not big in size or amount; small.,synonyms,EASY,Small,Large
Little,Not big in size or amount; small.,antonyms,EASY,Small,Large
Good,Of a high standard or quality; very satisfactory.,general-vocabulary,EASY,Excellent,Bad
Good,Of a high standard or quality; very satisfactory.,synonyms,EASY,Excellent,Bad
Good,Of a high standard or quality; very satisfactory.,antonyms,EASY,Excellent,Bad
Talk,To speak or have a conversation; to discuss something.,general-vocabulary,EASY,Chat,Listen
Talk,To speak or have a conversation; to discuss something.,synonyms,EASY,Chat,Listen
Talk,To speak or have a conversation; to discuss something.,antonyms,EASY,Chat,Listen
Sagely,In a wise and thoughtful way.,general-vocabulary,MEDIUM,Wisely,Foolishly
Sagely,In a wise and thoughtful way.,synonyms,MEDIUM,Wisely,Foolishly
Sagely,In a wise and thoughtful way.,antonyms,MEDIUM,Wisely,Foolishly
Novice,"A person who is new to a skill, activity, or job; someone inexperienced.",general-vocabulary,MEDIUM,Beginner,Expert
Novice,"A person who is new to a skill, activity, or job; someone inexperienced.",synonyms,MEDIUM,Beginner,Expert
Novice,"A person who is new to a skill, activity, or job; someone inexperienced.",antonyms,MEDIUM,Beginner,Expert
Crest,"The top or highest point of something, especially a hill or mountain.",general-vocabulary,MEDIUM,Summit,Base
Crest,"The top or highest point of something, especially a hill or mountain.",synonyms,MEDIUM,Summit,Base
Crest,"The top or highest point of something, especially a hill or mountain.",antonyms,MEDIUM,Summit,Base
Damage,To cause injury or harm to something; to make it worse.,general-vocabulary,EASY,Harm,Repair
Damage,To cause injury or harm to something; to make it worse.,synonyms,EASY,Harm,Repair
Damage,To cause injury or harm to something; to make it worse.,antonyms,EASY,Harm,Repair
Permanent,Lasting for a long time or forever; not temporary.,general-vocabulary,EASY,Lasting,Temporary
Permanent,Lasting for a long time or forever; not temporary.,synonyms,EASY,Lasting,Temporary
Permanent,Lasting for a long time or forever; not temporary.,antonyms,EASY,Lasting,Temporary
Oppress,To treat someone cruelly or unfairly by using power over them; to keep under control.,general-vocabulary,HARD,Subjugate,Liberate
Oppress,To treat someone cruelly or unfairly by using power over them; to keep under control.,synonyms,HARD,Subjugate,Liberate
Oppress,To treat someone cruelly or unfairly by using power over them; to keep under control.,antonyms,HARD,Subjugate,Liberate
Concede,To admit defeat or give something up; to agree after resisting.,general-vocabulary,HARD,Yield,Deny
Concede,To admit defeat or give something up; to agree after resisting.,synonyms,HARD,Yield,Deny
Concede,To admit defeat or give something up; to agree after resisting.,antonyms,HARD,Yield,Deny
Ginormous,Extremely large; gigantic.,general-vocabulary,EASY,Enormous,Tiny
Ginormous,Extremely large; gigantic.,synonyms,EASY,Enormous,Tiny
Ginormous,Extremely large; gigantic.,antonyms,EASY,Enormous,Tiny
Consideration,Careful thought or attention given to something; the act of thinking about it.,general-vocabulary,EASY,Reflection,Disregard
Consideration,Careful thought or attention given to something; the act of thinking about it.,synonyms,EASY,Reflection,Disregard
Consideration,Careful thought or attention given to something; the act of thinking about it.,antonyms,EASY,Reflection,Disregard
Illustrious,Well-known and highly respected because of achievements.,general-vocabulary,HARD,Distinguished,Unknown
Illustrious,Well-known and highly respected because of achievements.,synonyms,HARD,Distinguished,Unknown
Illustrious,Well-known and highly respected because of achievements.,antonyms,HARD,Distinguished,Unknown
Spasm,"A sudden, involuntary tightening or jerking of a muscle; a sudden burst of activity or emotion.",general-vocabulary,MEDIUM,Convulsion,Stillness
Spasm,"A sudden, involuntary tightening or jerking of a muscle; a sudden burst of activity or emotion.",synonyms,MEDIUM,Convulsion,Stillness
Spasm,"A sudden, involuntary tightening or jerking of a muscle; a sudden burst of activity or emotion.",antonyms,MEDIUM,Convulsion,Stillness
Period,A length of time with particular features or events; a span of time.,general-vocabulary,EASY,Era,Instant
Period,A length of time with particular features or events; a span of time.,synonyms,EASY,Era,Instant
Period,A length of time with particular features or events; a span of time.,antonyms,EASY,Era,Instant
Ebb,To lessen or gradually decline; to flow back or away (as the tide does).,general-vocabulary,MEDIUM,Subside,Flow
Ebb,To lessen or gradually decline; to flow back or away (as the tide does).,synonyms,MEDIUM,Subside,Flow
Ebb,To lessen or gradually decline; to flow back or away (as the tide does).,antonyms,MEDIUM,Subside,Flow
Demean,To make someone seem less important or worthy; to insult or degrade.,general-vocabulary,MEDIUM,Belittle,Praise
Demean,To make someone seem less important or worthy; to insult or degrade.,synonyms,MEDIUM,Belittle,Praise
Demean,To make someone seem less important or worthy; to insult or degrade.,antonyms,MEDIUM,Belittle,Praise
Moral,Relating to what is right and wrong in behaviour; based on principles of good conduct.,general-vocabulary,EASY,Ethical,Immoral
Moral,Relating to what is right and wrong in behaviour; based on principles of good conduct.,synonyms,EASY,Ethical,Immoral
Moral,Relating to what is right and wrong in behaviour; based on principles of good conduct.,antonyms,EASY,Ethical,Immoral
Flask,"A small container, often with a lid, used for carrying liquids.",general-vocabulary,EASY,Bottle,Bucket
Flask,"A small container, often with a lid, used for carrying liquids.",synonyms,EASY,Bottle,Bucket
Flask,"A small container, often with a lid, used for carrying liquids.",antonyms,EASY,Bottle,Bucket
Pelt,To hit or throw things at someone or something repeatedly.,general-vocabulary,MEDIUM,Bombard,Protect
Pelt,To hit or throw things at someone or something repeatedly.,synonyms,MEDIUM,Bombard,Protect
Pelt,To hit or throw things at someone or something repeatedly.,antonyms,MEDIUM,Bombard,Protect
Stride,"To walk with long, confident steps; a long step.",general-vocabulary,EASY,Pace,Crawl
Stride,"To walk with long, confident steps; a long step.",synonyms,EASY,Pace,Crawl
Stride,"To walk with long, confident steps; a long step.",antonyms,EASY,Pace,Crawl
Object,A thing that can be seen or touched; an item.,general-vocabulary,EASY,Item,Nothing
Object,A thing that can be seen or touched; an item.,synonyms,EASY,Item,Nothing
Object,A thing that can be seen or touched; an item.,antonyms,EASY,Item,Nothing
Array,An organised group or arrangement of things; to arrange in order.,general-vocabulary,MEDIUM,Arrangement,Disarray
Array,An organised group or arrangement of things; to arrange in order.,synonyms,MEDIUM,Arrangement,Disarray
Array,An organised group or arrangement of things; to arrange in order.,antonyms,MEDIUM,Arrangement,Disarray
Adverse,Harmful or likely to cause problems; unfavourable.,general-vocabulary,MEDIUM,Unfavourable,Favourable
Adverse,Harmful or likely to cause problems; unfavourable.,synonyms,MEDIUM,Unfavourable,Favourable
Adverse,Harmful or likely to cause problems; unfavourable.,antonyms,MEDIUM,Unfavourable,Favourable
Exonerate,To officially clear someone from blame or wrongdoing.,general-vocabulary,HARD,Acquit,Convict
Exonerate,To officially clear someone from blame or wrongdoing.,synonyms,HARD,Acquit,Convict
Exonerate,To officially clear someone from blame or wrongdoing.,antonyms,HARD,Acquit,Convict
Hasty,"Done too quickly, often without enough thought.",general-vocabulary,EASY,Hurried,Slow
Hasty,"Done too quickly, often without enough thought.",synonyms,EASY,Hurried,Slow
Hasty,"Done too quickly, often without enough thought.",antonyms,EASY,Hurried,Slow
Sour,"Having a sharp, acidic taste; unpleasant or bitter in mood.",general-vocabulary,EASY,Acidic,Sweet
Sour,"Having a sharp, acidic taste; unpleasant or bitter in mood.",synonyms,EASY,Acidic,Sweet
Sour,"Having a sharp, acidic taste; unpleasant or bitter in mood.",antonyms,EASY,Acidic,Sweet
Penalty,A punishment given for breaking a rule or law.,general-vocabulary,EASY,Punishment,Reward
Penalty,A punishment given for breaking a rule or law.,synonyms,EASY,Punishment,Reward
Penalty,A punishment given for breaking a rule or law.,antonyms,EASY,Punishment,Reward
Hapless,Having bad luck; unlucky.,general-vocabulary,MEDIUM,Unfortunate,Lucky
Hapless,Having bad luck; unlucky.,synonyms,MEDIUM,Unfortunate,Lucky
Hapless,Having bad luck; unlucky.,antonyms,MEDIUM,Unfortunate,Lucky
Fluctuate,To change or go up and down irregularly.,general-vocabulary,MEDIUM,Vary,Stabilize
Fluctuate,To change or go up and down irregularly.,synonyms,MEDIUM,Vary,Stabilize
Fluctuate,To change or go up and down irregularly.,antonyms,MEDIUM,Vary,Stabilize
Genial,Warm and pleasant in manner; cheerful and kind.,general-vocabulary,MEDIUM,Friendly,Hostile
Genial,Warm and pleasant in manner; cheerful and kind.,synonyms,MEDIUM,Friendly,Hostile
Genial,Warm and pleasant in manner; cheerful and kind.,antonyms,MEDIUM,Friendly,Hostile
Frivolous,Not having any serious purpose or value; silly or unimportant.,general-vocabulary,MEDIUM,Trivial,Serious
Frivolous,Not having any serious purpose or value; silly or unimportant.,synonyms,MEDIUM,Trivial,Serious
Frivolous,Not having any serious purpose or value; silly or unimportant.,antonyms,MEDIUM,Trivial,Serious
Category,A group of people or things that share common characteristics.,general-vocabulary,EASY,Class,Individual
Category,A group of people or things that share common characteristics.,synonyms,EASY,Class,Individual
Category,A group of people or things that share common characteristics.,antonyms,EASY,Class,Individual
Succeeding,Achieving success or coming after something in sequence.,general-vocabulary,EASY,Advancing,Failing
Succeeding,Achieving success or coming after something in sequence.,synonyms,EASY,Advancing,Failing
Succeeding,Achieving success or coming after something in sequence.,antonyms,EASY,Advancing,Failing
Reserve,A quality of being restrained or distant in manner or speech.,general-vocabulary,MEDIUM,Detachment,Warmth
Reserve,A quality of being restrained or distant in manner or speech.,synonyms,MEDIUM,Detachment,Warmth
Reserve,A quality of being restrained or distant in manner or speech.,antonyms,MEDIUM,Detachment,Warmth
Tepid,Slightly warm; showing little enthusiasm or interest.,general-vocabulary,MEDIUM,Lukewarm,Hot
Tepid,Slightly warm; showing little enthusiasm or interest.,synonyms,MEDIUM,Lukewarm,Hot
Tepid,Slightly warm; showing little enthusiasm or interest.,antonyms,MEDIUM,Lukewarm,Hot
Repudiate,To refuse to accept or be associated with something; to disown or deny.,general-vocabulary,HARD,Reject,Accept
Repudiate,To refuse to accept or be associated with something; to disown or deny.,synonyms,HARD,Reject,Accept
Repudiate,To refuse to accept or be associated with something; to disown or deny.,antonyms,HARD,Reject,Accept
Latent,Existing but not yet developed or visible; concealed potential or ability.,general-vocabulary,HARD,Hidden,Active
Latent,Existing but not yet developed or visible; concealed potential or ability.,synonyms,HARD,Hidden,Active
Latent,Existing but not yet developed or visible; concealed potential or ability.,antonyms,HARD,Hidden,Active
Ardent,Having or showing strong feelings or enthusiasm for something.,general-vocabulary,MEDIUM,Passionate,Apathetic
Ardent,Having or showing strong feelings or enthusiasm for something.,synonyms,MEDIUM,Passionate,Apathetic
Ardent,Having or showing strong feelings or enthusiasm for something.,antonyms,MEDIUM,Passionate,Apathetic
Idea,"A thought, plan, or suggestion about what to do or how to do something.",general-vocabulary,EASY,Concept,Fact
Idea,"A thought, plan, or suggestion about what to do or how to do something.",synonyms,EASY,Concept,Fact
Idea,"A thought, plan, or suggestion about what to do or how to do something.",antonyms,EASY,Concept,Fact
Baulk,To stop something from happening; to refuse to proceed with.,general-vocabulary,MEDIUM,Hinder,Assist
Baulk,To stop something from happening; to refuse to proceed with.,synonyms,MEDIUM,Hinder,Assist
Baulk,To stop something from happening; to refuse to proceed with.,antonyms,MEDIUM,Hinder,Assist
Acknowledge,To accept or admit the truth or existence of something.,general-vocabulary,EASY,Admit,Deny
Acknowledge,To accept or admit the truth or existence of something.,synonyms,EASY,Admit,Deny
Acknowledge,To accept or admit the truth or existence of something.,antonyms,EASY,Admit,Deny
Earnest,Showing sincere and intense conviction.,general-vocabulary,MEDIUM,Serious,Frivolous
Earnest,Showing sincere and intense conviction.,synonyms,MEDIUM,Serious,Frivolous
Earnest,Showing sincere and intense conviction.,antonyms,MEDIUM,Serious,Frivolous
Residence,A place where someone lives; a home.,general-vocabulary,EASY,Domicile,Workplace
Residence,A place where someone lives; a home.,synonyms,EASY,Domicile,Workplace
Residence,A place where someone lives; a home.,antonyms,EASY,Domicile,Workplace
Deplorable,Deserving strong condemnation; shockingly bad in quality.,general-vocabulary,MEDIUM,Disgraceful,Admirable
Deplorable,Deserving strong condemnation; shockingly bad in quality.,synonyms,MEDIUM,Disgraceful,Admirable
Deplorable,Deserving strong condemnation; shockingly bad in quality.,antonyms,MEDIUM,Disgraceful,Admirable
Perish,To die or come to an end; to decay or rot.,general-vocabulary,EASY,Die,Survive
Perish,To die or come to an end; to decay or rot.,synonyms,EASY,Die,Survive
Perish,To die or come to an end; to decay or rot.,antonyms,EASY,Die,Survive
Foe,An opponent or adversary; someone hostile.,general-vocabulary,EASY,Enemy,Friend
Foe,An opponent or adversary; someone hostile.,synonyms,EASY,Enemy,Friend
Foe,An opponent or adversary; someone hostile.,antonyms,EASY,Enemy,Friend
Terrible,Extremely bad or serious.,general-vocabulary,EASY,Dreadful,Wonderful
Terrible,Extremely bad or serious.,synonyms,EASY,Dreadful,Wonderful
Terrible,Extremely bad or serious.,antonyms,EASY,Dreadful,Wonderful
Ecstatic,Feeling or expressing overwhelming happiness.,general-vocabulary,MEDIUM,Elated,Miserable
Ecstatic,Feeling or expressing overwhelming happiness.,synonyms,MEDIUM,Elated,Miserable
Ecstatic,Feeling or expressing overwhelming happiness.,antonyms,MEDIUM,Elated,Miserable
Inestimable,Too great to be measured; invaluable.,general-vocabulary,HARD,Incalculable,Measurable
Inestimable,Too great to be measured; invaluable.,synonyms,HARD,Incalculable,Measurable
Inestimable,Too great to be measured; invaluable.,antonyms,HARD,Incalculable,Measurable
Striking,Very noticeable or impressive; attracting attention.,general-vocabulary,EASY,Remarkable,Unremarkable
Striking,Very noticeable or impressive; attracting attention.,synonyms,EASY,Remarkable,Unremarkable
Striking,Very noticeable or impressive; attracting attention.,antonyms,EASY,Remarkable,Unremarkable
Egotistic,Excessively self-centred or proud.,general-vocabulary,MEDIUM,Conceited,Humble
Egotistic,Excessively self-centred or proud.,synonyms,MEDIUM,Conceited,Humble
Egotistic,Excessively self-centred or proud.,antonyms,MEDIUM,Conceited,Humble
Apprehensive,Anxious or fearful that something bad will happen.,general-vocabulary,MEDIUM,Anxious,Confident
Apprehensive,Anxious or fearful that something bad will happen.,synonyms,MEDIUM,Anxious,Confident
Apprehensive,Anxious or fearful that something bad will happen.,antonyms,MEDIUM,Anxious,Confident
Brusque,Markedly short and blunt in manner or speech.,general-vocabulary,HARD,Abrupt,Polite
Brusque,Markedly short and blunt in manner or speech.,synonyms,HARD,Abrupt,Polite
Brusque,Markedly short and blunt in manner or speech.,antonyms,HARD,Abrupt,Polite
Arid,Extremely dry; having little or no rainfall.,general-vocabulary,MEDIUM,Parched,Humid
Arid,Extremely dry; having little or no rainfall.,synonyms,MEDIUM,Parched,Humid
Arid,Extremely dry; having little or no rainfall.,antonyms,MEDIUM,Parched,Humid
Polarity,The presence or manifestation of two opposite or contrasting principles or tendencies.,general-vocabulary,HARD,Division,Unity
Polarity,The presence or manifestation of two opposite or contrasting principles or tendencies.,synonyms,HARD,Division,Unity
Polarity,The presence or manifestation of two opposite or contrasting principles or tendencies.,antonyms,HARD,Division,Unity
Laugh,To make sounds and movements that express amusement or joy.,general-vocabulary,EASY,Giggle,Cry
Laugh,To make sounds and movements that express amusement or joy.,synonyms,EASY,Giggle,Cry
Laugh,To make sounds and movements that express amusement or joy.,antonyms,EASY,Giggle,Cry
Subdued,Quiet and rather reflective or depressed; softened in intensity.,general-vocabulary,MEDIUM,Muted,Boisterous
Subdued,Quiet and rather reflective or depressed; softened in intensity.,synonyms,MEDIUM,Muted,Boisterous
Subdued,Quiet and rather reflective or depressed; softened in intensity.,antonyms,MEDIUM,Muted,Boisterous
Haggard,"Looking exhausted and unwell, especially from fatigue or worry.",general-vocabulary,HARD,Gaunt,Radiant
Haggard,"Looking exhausted and unwell, especially from fatigue or worry.",synonyms,HARD,Gaunt,Radiant
Haggard,"Looking exhausted and unwell, especially from fatigue or worry.",antonyms,HARD,Gaunt,Radiant
Bough,A main branch of a tree.,general-vocabulary,EASY,Branch,Trunk
Bough,A main branch of a tree.,synonyms,EASY,Branch,Trunk
Bough,A main branch of a tree.,antonyms,EASY,Branch,Trunk
Dedicated,Devoted to a task or purpose; showing strong support or effort.,general-vocabulary,EASY,Committed,Apathetic
Dedicated,Devoted to a task or purpose; showing strong support or effort.,synonyms,EASY,Committed,Apathetic
Dedicated,Devoted to a task or purpose; showing strong support or effort.,antonyms,EASY,Committed,Apathetic
Tenant,"A person who lives in or rents a house, flat, or land from someone else.",general-vocabulary,EASY,Occupant,Landlord
Tenant,"A person who lives in or rents a house, flat, or land from someone else.",synonyms,EASY,Occupant,Landlord
Tenant,"A person who lives in or rents a house, flat, or land from someone else.",antonyms,EASY,Occupant,Landlord
Abate,"To become smaller, weaker, or less intense.",general-vocabulary,MEDIUM,Lessen,Intensify
Abate,"To become smaller, weaker, or less intense.",synonyms,MEDIUM,Lessen,Intensify
Abate,"To become smaller, weaker, or less intense.",antonyms,MEDIUM,Lessen,Intensify
Famished,Very hungry; in need of food.,general-vocabulary,EASY,Starving,Satiated
Famished,Very hungry; in need of food.,synonyms,EASY,Starving,Satiated
Famished,Very hungry; in need of food.,antonyms,EASY,Starving,Satiated
Advent,The beginning or appearance of something important.,general-vocabulary,MEDIUM,Arrival,Departure
Advent,The beginning or appearance of something important.,synonyms,MEDIUM,Arrival,Departure
Advent,The beginning or appearance of something important.,antonyms,MEDIUM,Arrival,Departure
Alter,To make something different without completely changing it.,general-vocabulary,EASY,Modify,Preserve
Alter,To make something different without completely changing it.,synonyms,EASY,Modify,Preserve
Alter,To make something different without completely changing it.,antonyms,EASY,Modify,Preserve
Relaxed,Free from tension or worry; at ease.,general-vocabulary,EASY,Calm,Tense
Relaxed,Free from tension or worry; at ease.,synonyms,EASY,Calm,Tense
Relaxed,Free from tension or worry; at ease.,antonyms,EASY,Calm,Tense
Stem,To come from or be caused by something.,general-vocabulary,MEDIUM,Originate,Terminate
Stem,To come from or be caused by something.,synonyms,MEDIUM,Originate,Terminate
Stem,To come from or be caused by something.,antonyms,MEDIUM,Originate,Terminate
Cherish,To love and care for someone or something deeply.,general-vocabulary,EASY,Treasure,Despise
Cherish,To love and care for someone or something deeply.,synonyms,EASY,Treasure,Despise
Cherish,To love and care for someone or something deeply.,antonyms,EASY,Treasure,Despise
Pieces,Small sections or portions of something whole.,general-vocabulary,EASY,Fragments,Whole
Pieces,Small sections or portions of something whole.,synonyms,EASY,Fragments,Whole
Pieces,Small sections or portions of something whole.,antonyms,EASY,Fragments,Whole
Abundant,Existing or available in large quantities; plentiful.,general-vocabulary,EASY,Plentiful,Scarce
Abundant,Existing or available in large quantities; plentiful.,synonyms,EASY,Plentiful,Scarce
Abundant,Existing or available in large quantities; plentiful.,antonyms,EASY,Plentiful,Scarce
Adversity,A state or instance of serious or continued difficulty or misfortune.,general-vocabulary,HARD,Hardship,Prosperity
Adversity,A state or instance of serious or continued difficulty or misfortune.,synonyms,HARD,Hardship,Prosperity
Adversity,A state or instance of serious or continued difficulty or misfortune.,antonyms,HARD,Hardship,Prosperity
Affluent,Having a great deal of money; wealthy.,general-vocabulary,MEDIUM,Wealthy,Poor
Affluent,Having a great deal of money; wealthy.,synonyms,MEDIUM,Wealthy,Poor
Affluent,Having a great deal of money; wealthy.,antonyms,MEDIUM,Wealthy,Poor
Ambiguous,Open to more than one interpretation; not having one obvious meaning.,general-vocabulary,HARD,Vague,Clear
Ambiguous,Open to more than one interpretation; not having one obvious meaning.,synonyms,HARD,Vague,Clear
Ambiguous,Open to more than one interpretation; not having one obvious meaning.,antonyms,HARD,Vague,Clear
Ample,Enough or more than enough; plentiful.,general-vocabulary,EASY,Spacious,Insufficient
Ample,Enough or more than enough; plentiful.,synonyms,EASY,Spacious,Insufficient
Ample,Enough or more than enough; plentiful.,antonyms,EASY,Spacious,Insufficient
Anonymity,"The condition of being anonymous; lack of outstanding, marked, or peculiar features.",general-vocabulary,MEDIUM,Namelessness,Fame
Anonymity,"The condition of being anonymous; lack of outstanding, marked, or peculiar features.",synonyms,MEDIUM,Namelessness,Fame
Anonymity,"The condition of being anonymous; lack of outstanding, marked, or peculiar features.",antonyms,MEDIUM,Namelessness,Fame
Benevolent,Well meaning and kindly.,general-vocabulary,MEDIUM,Kind,Malevolent
Benevolent,Well meaning and kindly.,synonyms,MEDIUM,Kind,Malevolent
Benevolent,Well meaning and kindly.,antonyms,MEDIUM,Kind,Malevolent
Candid,Truthful and straightforward; frank.,general-vocabulary,MEDIUM,Frank,Deceitful
Candid,Truthful and straightforward; frank.,synonyms,MEDIUM,Frank,Deceitful
Candid,Truthful and straightforward; frank.,antonyms,MEDIUM,Frank,Deceitful
Cautious,Careful to avoid potential problems or dangers.,general-vocabulary,EASY,Wary,Reckless
Cautious,Careful to avoid potential problems or dangers.,synonyms,EASY,Wary,Reckless
Cautious,Careful to avoid potential problems or dangers.,antonyms,EASY,Wary,Reckless
Clamor,"A loud and confused noise, especially that of people shouting vehemently.",general-vocabulary,HARD,Uproar,Silence
Clamor,"A loud and confused noise, especially that of people shouting vehemently.",synonyms,HARD,Uproar,Silence
Clamor,"A loud and confused noise, especially that of people shouting vehemently.",antonyms,HARD,Uproar,Silence
Coerce,Persuade an unwilling person to do something by using force or threats.,general-vocabulary,HARD,Compel,Allow
Coerce,Persuade an unwilling person to do something by using force or threats.,synonyms,HARD,Compel,Allow
Coerce,Persuade an unwilling person to do something by using force or threats.,antonyms,HARD,Compel,Allow
Compassion,Sympathetic pity and concern for the sufferings or misfortunes of others.,general-vocabulary,EASY,Empathy,Cruelty
Compassion,Sympathetic pity and concern for the sufferings or misfortunes of others.,synonyms,EASY,Empathy,Cruelty
Compassion,Sympathetic pity and concern for the sufferings or misfortunes of others.,antonyms,EASY,Empathy,Cruelty
Concise,Giving a lot of information clearly and in a few words; brief but comprehensive.,general-vocabulary,MEDIUM,Brief,Wordy
Concise,Giving a lot of information clearly and in a few words; brief but comprehensive.,synonyms,MEDIUM,Brief,Wordy
Concise,Giving a lot of information clearly and in a few words; brief but comprehensive.,antonyms,MEDIUM,Brief,Wordy
Condemn,"Express complete disapproval of, typically in public; censure.",general-vocabulary,MEDIUM,Censure,Praise
Condemn,"Express complete disapproval of, typically in public; censure.",synonyms,MEDIUM,Censure,Praise
Condemn,"Express complete disapproval of, typically in public; censure.",antonyms,MEDIUM,Censure,Praise
Conspicuous,Standing out so as to be clearly visible.,general-vocabulary,HARD,Noticeable,Hidden
Conspicuous,Standing out so as to be clearly visible.,synonyms,HARD,Noticeable,Hidden
Conspicuous,Standing out so as to be clearly visible.,antonyms,HARD,Noticeable,Hidden
Defiant,Showing defiance; boldly resistant or challenging.,general-vocabulary,EASY,Rebellious,Obedient
Defiant,Showing defiance; boldly resistant or challenging.,synonyms,EASY,Rebellious,Obedient
Defiant,Showing defiance; boldly resistant or challenging.,antonyms,EASY,Rebellious,Obedient
Diligent,Having or showing care and conscientiousness in one's work or duties.,general-vocabulary,MEDIUM,Industrious,Lazy
Diligent,Having or showing care and conscientiousness in one's work or duties.,synonyms,MEDIUM,Industrious,Lazy
Diligent,Having or showing care and conscientiousness in one's work or duties.,antonyms,MEDIUM,Industrious,Lazy
Diminish,Make or become less.,general-vocabulary,EASY,Decrease,Increase
Diminish,Make or become less.,synonyms,EASY,Decrease,Increase
Diminish,Make or become less.,antonyms,EASY,Decrease,Increase
Dormant,Having normal physical functions suspended or slowed down for a period of time; in or as if in a deep sleep.,general-vocabulary,MEDIUM,Inactive,Active
Dormant,Having normal physical functions suspended or slowed down for a period of time; in or as if in a deep sleep.,synonyms,MEDIUM,Inactive,Active
Dormant,Having normal physical functions suspended or slowed down for a period of time; in or as if in a deep sleep.,antonyms,MEDIUM,Inactive,Active
Eloquent,Fluent or persuasive in speaking or writing.,general-vocabulary,HARD,Articulate,Inarticulate
Eloquent,Fluent or persuasive in speaking or writing.,synonyms,HARD,Articulate,Inarticulate
Eloquent,Fluent or persuasive in speaking or writing.,antonyms,HARD,Articulate,Inarticulate
Empathy,The ability to understand and share the feelings of another.,general-vocabulary,MEDIUM,Understanding,Apathy
Empathy,The ability to understand and share the feelings of another.,synonyms,MEDIUM,Understanding,Apathy
Empathy,The ability to understand and share the feelings of another.,antonyms,MEDIUM,Understanding,Apathy
Endure,Suffer something painful or difficult patiently.,general-vocabulary,EASY,Tolerate,Surrender
Endure,Suffer something painful or difficult patiently.,synonyms,EASY,Tolerate,Surrender
Endure,Suffer something painful or difficult patiently.,antonyms,EASY,Tolerate,Surrender
Enormous,"Very large in size, quantity, or extent.",general-vocabulary,EASY,Huge,Tiny
Enormous,"Very large in size, quantity, or extent.",synonyms,EASY,Huge,Tiny
Enormous,"Very large in size, quantity, or extent.",antonyms,EASY,Huge,Tiny
Frugal,Sparing or economical with regard to money or food.,general-vocabulary,HARD,Thrifty,Extravagant
Frugal,Sparing or economical with regard to money or food.,synonyms,HARD,Thrifty,Extravagant
Frugal,Sparing or economical with regard to money or food.,antonyms,HARD,Thrifty,Extravagant
Generic,Characteristic of or relating to a class or group of things; not specific.,general-vocabulary,MEDIUM,General,Specific
Generic,Characteristic of or relating to a class or group of things; not specific.,synonyms,MEDIUM,General,Specific
Generic,Characteristic of or relating to a class or group of things; not specific.,antonyms,MEDIUM,General,Specific
Gloomy,"Dark or poorly lit, especially so as to appear depressing or frightening.",general-vocabulary,EASY,Somber,Cheerful
Gloomy,"Dark or poorly lit, especially so as to appear depressing or frightening.",synonyms,EASY,Somber,Cheerful
Gloomy,"Dark or poorly lit, especially so as to appear depressing or frightening.",antonyms,EASY,Somber,Cheerful
Hostile,Unfriendly; antagonistic.,general-vocabulary,EASY,Unfriendly,Friendly
Hostile,Unfriendly; antagonistic.,synonyms,EASY,Unfriendly,Friendly
Hostile,Unfriendly; antagonistic.,antonyms,EASY,Unfriendly,Friendly
Impulsive,Acting or done without forethought.,general-vocabulary,MEDIUM,Rash,Cautious
Impulsive,Acting or done without forethought.,synonyms,MEDIUM,Rash,Cautious
Impulsive,Acting or done without forethought.,antonyms,MEDIUM,Rash,Cautious
Indifferent,Having no particular interest or sympathy; unconcerned.,general-vocabulary,MEDIUM,Unconcerned,Caring
Indifferent,Having no particular interest or sympathy; unconcerned.,synonyms,MEDIUM,Unconcerned,Caring
Indifferent,Having no particular interest or sympathy; unconcerned.,antonyms,MEDIUM,Unconcerned,Caring
Inevitable,Certain to happen; unavoidable.,general-vocabulary,HARD,Unavoidable,Avoidable
Inevitable,Certain to happen; unavoidable.,synonyms,HARD,Unavoidable,Avoidable
Inevitable,Certain to happen; unavoidable.,antonyms,HARD,Unavoidable,Avoidable
Infamous,Well known for some bad quality or deed.,general-vocabulary,MEDIUM,Notorious,Reputable
Infamous,Well known for some bad quality or deed.,synonyms,MEDIUM,Notorious,Reputable
Infamous,Well known for some bad quality or deed.,antonyms,MEDIUM,Notorious,Reputable
Ingenious,"Clever, original, and inventive.",general-vocabulary,HARD,Clever,Clumsy
Ingenious,"Clever, original, and inventive.",synonyms,HARD,Clever,Clumsy
Ingenious,"Clever, original, and inventive.",antonyms,HARD,Clever,Clumsy
Jubilant,Feeling or expressing great happiness and triumph.,general-vocabulary,MEDIUM,Overjoyed,Sorrowful
Jubilant,Feeling or expressing great happiness and triumph.,synonyms,MEDIUM,Overjoyed,Sorrowful
Jubilant,Feeling or expressing great happiness and triumph.,antonyms,MEDIUM,Overjoyed,Sorrowful
Linger,Stay in a place longer than necessary because of a reluctance to leave.,general-vocabulary,EASY,Remain,Leave
Linger,Stay in a place longer than necessary because of a reluctance to leave.,synonyms,EASY,Remain,Leave
Linger,Stay in a place longer than necessary because of a reluctance to leave.,antonyms,EASY,Remain,Leave
Lucrative,Producing a great deal of profit.,general-vocabulary,HARD,Profitable,Unprofitable
Lucrative,Producing a great deal of profit.,synonyms,HARD,Profitable,Unprofitable
Lucrative,Producing a great deal of profit.,antonyms,HARD,Profitable,Unprofitable
Meticulous,Showing great attention to detail; very careful and precise.,general-vocabulary,HARD,Thorough,Careless
Meticulous,Showing great attention to detail; very careful and precise.,synonyms,HARD,Thorough,Careless
Meticulous,Showing great attention to detail; very careful and precise.,antonyms,HARD,Thorough,Careless
Obsolete,No longer produced or used; out of date.,general-vocabulary,HARD,Outdated,Modern
Obsolete,No longer produced or used; out of date.,synonyms,HARD,Outdated,Modern
Obsolete,No longer produced or used; out of date.,antonyms,HARD,Outdated,Modern
Ominous,Giving the impression that something bad or unpleasant is going to happen.,general-vocabulary,MEDIUM,Threatening,Promising
Ominous,Giving the impression that something bad or unpleasant is going to happen.,synonyms,MEDIUM,Threatening,Promising
Ominous,Giving the impression that something bad or unpleasant is going to happen.,antonyms,MEDIUM,Threatening,Promising
Optimistic,Hopeful and confident about the future.,general-vocabulary,EASY,Hopeful,Pessimistic
Optimistic,Hopeful and confident about the future.,synonyms,EASY,Hopeful,Pessimistic
Optimistic,Hopeful and confident about the future.,antonyms,EASY,Hopeful,Pessimistic
Peculiar,Strange or odd; unusual.,general-vocabulary,EASY,Strange,Normal
Peculiar,Strange or odd; unusual.,synonyms,EASY,Strange,Normal
Peculiar,Strange or odd; unusual.,antonyms,EASY,Strange,Normal
Plausible,Seeming reasonable or probable.,general-vocabulary,HARD,Credible,Implausible
Plausible,Seeming reasonable or probable.,synonyms,HARD,Credible,Implausible
Plausible,Seeming reasonable or probable.,antonyms,HARD,Credible,Implausible
Precise,Marked by exactness and accuracy of expression or detail.,general-vocabulary,MEDIUM,Exact,Inaccurate
Precise,Marked by exactness and accuracy of expression or detail.,synonyms,MEDIUM,Exact,Inaccurate
Precise,Marked by exactness and accuracy of expression or detail.,antonyms,MEDIUM,Exact,Inaccurate
Reluctant,Unwilling and hesitant; disinclined.,general-vocabulary,MEDIUM,Unwilling,Eager
Reluctant,Unwilling and hesitant; disinclined.,synonyms,MEDIUM,Unwilling,Eager
Reluctant,Unwilling and hesitant; disinclined.,antonyms,MEDIUM,Unwilling,Eager
Resilient,Able to withstand or recover quickly from difficult conditions.,general-vocabulary,HARD,Tough,Fragile
Resilient,Able to withstand or recover quickly from difficult conditions.,synonyms,HARD,Tough,Fragile
Resilient,Able to withstand or recover quickly from difficult conditions.,antonyms,HARD,Tough,Fragile
Scarcity,The state of being scarce or in short supply; shortage.,general-vocabulary,MEDIUM,Shortage,Abundance
Scarcity,The state of being scarce or in short supply; shortage.,synonyms,MEDIUM,Shortage,Abundance
Scarcity,The state of being scarce or in short supply; shortage.,antonyms,MEDIUM,Shortage,Abundance
Solitary,Done or existent alone.,general-vocabulary,EASY,Lonely,Social
Solitary,Done or existent alone.,synonyms,EASY,Lonely,Social
Solitary,Done or existent alone.,antonyms,EASY,Lonely,Social
Subtle,So delicate or precise as to be difficult to analyze or describe.,general-vocabulary,HARD,Understated,Overt
Subtle,So delicate or precise as to be difficult to analyze or describe.,synonyms,HARD,Understated,Overt
Subtle,So delicate or precise as to be difficult to analyze or describe.,antonyms,HARD,Understated,Overt
Superfluous,"Unnecessary, especially through being more than enough.",general-vocabulary,HARD,Excess,Essential
Superfluous,"Unnecessary, especially through being more than enough.",synonyms,HARD,Excess,Essential
Superfluous,"Unnecessary, especially through being more than enough.",antonyms,HARD,Excess,Essential
Timid,Showing a lack of courage or confidence; easily frightened.,general-vocabulary,EASY,Shy,Bold
Timid,Showing a lack of courage or confidence; easily frightened.,synonyms,EASY,Shy,Bold
Timid,Showing a lack of courage or confidence; easily frightened.,antonyms,EASY,Shy,Bold
Tranquil,Free from disturbance; calm.,general-vocabulary,MEDIUM,Peaceful,Stormy
Tranquil,Free from disturbance; calm.,synonyms,MEDIUM,Peaceful,Stormy
Tranquil,Free from disturbance; calm.,antonyms,MEDIUM,Peaceful,Stormy
Unanimous,Fully in agreement.,general-vocabulary,HARD,United,Divided
Unanimous,Fully in agreement.,synonyms,HARD,United,Divided
Unanimous,Fully in agreement.,antonyms,HARD,United,Divided
Unique,Being the only one of its kind; unlike anything else.,general-vocabulary,EASY,Distinctive,Common
Unique,Being the only one of its kind; unlike anything else.,synonyms,EASY,Distinctive,Common
Unique,Being the only one of its kind; unlike anything else.,antonyms,EASY,Distinctive,Common
Urgent,Requiring immediate action or attention.,general-vocabulary,EASY,Critical,Unimportant
Urgent,Requiring immediate action or attention.,synonyms,EASY,Critical,Unimportant
Urgent,Requiring immediate action or attention.,antonyms,EASY,Critical,Unimportant
Vague,"Of uncertain, indefinite, or unclear character or meaning.",general-vocabulary,MEDIUM,Indistinct,Clear
Vague,"Of uncertain, indefinite, or unclear character or meaning.",synonyms,MEDIUM,Indistinct,Clear
Vague,"Of uncertain, indefinite, or unclear character or meaning.",antonyms,MEDIUM,Indistinct,Clear
Valiant,Possessing or showing courage or determination.,general-vocabulary,MEDIUM,Brave,Cowardly
Valiant,Possessing or showing courage or determination.,synonyms,MEDIUM,Brave,Cowardly
Valiant,Possessing or showing courage or determination.,antonyms,MEDIUM,Brave,Cowardly
Vanish,Disappear suddenly and completely.,general-vocabulary,EASY,Disappear,Appear
Vanish,Disappear suddenly and completely.,synonyms,EASY,Disappear,Appear
Vanish,Disappear suddenly and completely.,antonyms,EASY,Disappear,Appear
Versatile,Able to adapt or be adapted to many different functions or activities.,general-vocabulary,HARD,Adaptable,Rigid
Versatile,Able to adapt or be adapted to many different functions or activities.,synonyms,HARD,Adaptable,Rigid
Versatile,Able to adapt or be adapted to many different functions or activities.,antonyms,HARD,Adaptable,Rigid
Vibrant,Full of energy and enthusiasm.,general-vocabulary,MEDIUM,Lively,Dull
Vibrant,Full of energy and enthusiasm.,synonyms,MEDIUM,Lively,Dull
Vibrant,Full of energy and enthusiasm.,antonyms,MEDIUM,Lively,Dull
Vital,Absolutely necessary or important; essential.,general-vocabulary,EASY,Essential,Trivial
Vital,Absolutely necessary or important; essential.,synonyms,EASY,Essential,Trivial
Vital,Absolutely necessary or important; essential.,antonyms,EASY,Essential,Trivial
Vivid,"Producing powerful feelings or strong, clear images in the mind.",general-vocabulary,EASY,Bright,Faint
Vivid,"Producing powerful feelings or strong, clear images in the mind.",synonyms,EASY,Bright,Faint
Vivid,"Producing powerful feelings or strong, clear images in the mind.",antonyms,EASY,Bright,Faint
Vulnerable,Exposed to the possibility of being attacked or harmed.,general-vocabulary,HARD,Exposed,Protected
Vulnerable,Exposed to the possibility of being attacked or harmed.,synonyms,HARD,Exposed,Protected
Vulnerable,Exposed to the possibility of being attacked or harmed.,antonyms,HARD,Exposed,Protected
Wary,Feeling or showing caution about possible dangers or problems.,general-vocabulary,MEDIUM,Cautious,Trusting
Wary,Feeling or showing caution about possible dangers or problems.,synonyms,MEDIUM,Cautious,Trusting
Wary,Feeling or showing caution about possible dangers or problems.,antonyms,MEDIUM,Cautious,Trusting
Witty,Showing or characterized by quick and inventive verbal humor.,general-vocabulary,MEDIUM,Clever,Dull
Witty,Showing or characterized by quick and inventive verbal humor.,synonyms,MEDIUM,Clever,Dull
Witty,Showing or characterized by quick and inventive verbal humor.,antonyms,MEDIUM,Clever,Dull
Zealous,Having or showing zeal; passionate and enthusiastic.,general-vocabulary,HARD,Passionate,Apathetic
Zealous,Having or showing zeal; passionate and enthusiastic.,synonyms,HARD,Passionate,Apathetic
Zealous,Having or showing zeal; passionate and enthusiastic.,antonyms,HARD,Passionate,Apathetic
Apparent,Clearly visible or understood; obvious.,general-vocabulary,MEDIUM,Obvious,Hidden
Apparent,Clearly visible or understood; obvious.,synonyms,MEDIUM,Obvious,Hidden
Apparent,Clearly visible or understood; obvious.,antonyms,MEDIUM,Obvious,Hidden
Barren,Too poor to produce much or any vegetation.,general-vocabulary,EASY,Unfruitful,Fertile
Barren,Too poor to produce much or any vegetation.,synonyms,EASY,Unfruitful,Fertile
Barren,Too poor to produce much or any vegetation.,antonyms,EASY,Unfruitful,Fertile
Coincidence,A remarkable concurrence of events or circumstances without apparent causal connection.,general-vocabulary,HARD,Chance,Design
Coincidence,A remarkable concurrence of events or circumstances without apparent causal connection.,synonyms,HARD,Chance,Design
Coincidence,A remarkable concurrence of events or circumstances without apparent causal connection.,antonyms,HARD,Chance,Design
Commence,Begin; start.,general-vocabulary,MEDIUM,Begin,Finish
Commence,Begin; start.,synonyms,MEDIUM,Begin,Finish
Commence,Begin; start.,antonyms,MEDIUM,Begin,Finish
Comply,Act in accordance with a wish or command.,general-vocabulary,MEDIUM,Obey,Disobey
Comply,Act in accordance with a wish or command.,synonyms,MEDIUM,Obey,Disobey
Comply,Act in accordance with a wish or command.,antonyms,MEDIUM,Obey,Disobey
Deceive,Cause someone to believe something that is not true in order to gain a personal advantage.,general-vocabulary,MEDIUM,Mislead,Guide
Deceive,Cause someone to believe something that is not true in order to gain a personal advantage.,synonyms,MEDIUM,Mislead,Guide
Deceive,Cause someone to believe something that is not true in order to gain a personal advantage.,antonyms,MEDIUM,Mislead,Guide
Deteriorate,Become progressively worse.,general-vocabulary,HARD,Worsen,Improve
Deteriorate,Become progressively worse.,synonyms,HARD,Worsen,Improve
Deteriorate,Become progressively worse.,antonyms,HARD,Worsen,Improve
Dispreparate,Essentially different in kind; not allowing comparison.,general-vocabulary,HARD,Distinct,Similar
Dispreparate,Essentially different in kind; not allowing comparison.,synonyms,HARD,Distinct,Similar
Dispreparate,Essentially different in kind; not allowing comparison.,antonyms,HARD,Distinct,Similar
Eccentric,Unconventional and slightly strange.,general-vocabulary,HARD,Unconventional,Normal
Eccentric,Unconventional and slightly strange.,synonyms,HARD,Unconventional,Normal
Eccentric,Unconventional and slightly strange.,antonyms,HARD,Unconventional,Normal
Gargantuan,Enormously large or huge.,general-vocabulary,HARD,Gigantic,Tiny
Gargantuan,Enormously large or huge.,synonyms,HARD,Gigantic,Tiny
Gargantuan,Enormously large or huge.,antonyms,HARD,Gigantic,Tiny
Hinder,"Create difficulties for someone or something, resulting in delay or obstruction.",general-vocabulary,EASY,Impede,Help
Hinder,"Create difficulties for someone or something, resulting in delay or obstruction.",synonyms,EASY,Impede,Help
Hinder,"Create difficulties for someone or something, resulting in delay or obstruction.",antonyms,EASY,Impede,Help
Illuminate,Light up or make visible.,general-vocabulary,MEDIUM,Brighten,Darken
Illuminate,Light up or make visible.,synonyms,MEDIUM,Brighten,Darken
Illuminate,Light up or make visible.,antonyms,MEDIUM,Brighten,Darken
Impeccable,In accordance with the highest standards; faultless.,general-vocabulary,HARD,Flawless,Flawed
Impeccable,In accordance with the highest standards; faultless.,synonyms,HARD,Flawless,Flawed
Impeccable,In accordance with the highest standards; faultless.,antonyms,HARD,Flawless,Flawed
Luminous,Full of or shedding light; bright or shining.,general-vocabulary,MEDIUM,Radiant,Dim
Luminous,Full of or shedding light; bright or shining.,synonyms,MEDIUM,Radiant,Dim
Luminous,Full of or shedding light; bright or shining.,antonyms,MEDIUM,Radiant,Dim
Nostalgia,A sentimental longing or wistful affection for the past.,general-vocabulary,HARD,Longing,Indifference
Nostalgia,A sentimental longing or wistful affection for the past.,synonyms,HARD,Longing,Indifference
Nostalgia,A sentimental longing or wistful affection for the past.,antonyms,HARD,Longing,Indifference
Permeate,Spread throughout something; pervade.,general-vocabulary,HARD,Pervade,Evacuate
Permeate,Spread throughout something; pervade.,synonyms,HARD,Pervade,Evacuate
Permeate,Spread throughout something; pervade.,antonyms,HARD,Pervade,Evacuate
Restrain,Prevent someone or something from doing something; keep under control.,general-vocabulary,MEDIUM,Suppress,Release
Restrain,Prevent someone or something from doing something; keep under control.,synonyms,MEDIUM,Suppress,Release
Restrain,Prevent someone or something from doing something; keep under control.,antonyms,MEDIUM,Suppress,Release
Transient,Lasting only for a short time; impermanent.,general-vocabulary,HARD,Temporary,Permanent
Transient,Lasting only for a short time; impermanent.,synonyms,HARD,Temporary,Permanent
Transient,Lasting only for a short time; impermanent.,antonyms,HARD,Temporary,Permanent
Withstand,Remain undamaged or unaffected by; resist.,general-vocabulary,MEDIUM,Resist,Yield
Withstand,Remain undamaged or unaffected by; resist.,synonyms,MEDIUM,Resist,Yield
Withstand,Remain undamaged or unaffected by; resist.,antonyms,MEDIUM,Resist,Yield
Besmirch,To damage someone's reputation or make something dirty.,general-vocabulary,HARD,Tarnish,Honor
Besmirch,To damage someone's reputation or make something dirty.,synonyms,HARD,Tarnish,Honor
Besmirch,To damage someone's reputation or make something dirty.,antonyms,HARD,Tarnish,Honor
Routine,Done as a usual practice; ordinary and repeated.,general-vocabulary,EASY,Habitual,Unusual
Routine,Done as a usual practice; ordinary and repeated.,synonyms,EASY,Habitual,Unusual
Routine,Done as a usual practice; ordinary and repeated.,antonyms,EASY,Habitual,Unusual
Deterrent,Something that makes someone less likely to do something.,general-vocabulary,HARD,Discouragement,Incentive
Deterrent,Something that makes someone less likely to do something.,synonyms,HARD,Discouragement,Incentive
Deterrent,Something that makes someone less likely to do something.,antonyms,HARD,Discouragement,Incentive
Being,The state of existing; a living creature or entity.,general-vocabulary,EASY,Entity,Nonexistence
Being,The state of existing; a living creature or entity.,synonyms,EASY,Entity,Nonexistence
Being,The state of existing; a living creature or entity.,antonyms,EASY,Entity,Nonexistence
Useless,Not able to do anything helpful; not working or effective.,general-vocabulary,EASY,Futile,Useful
Useless,Not able to do anything helpful; not working or effective.,synonyms,EASY,Futile,Useful
Useless,Not able to do anything helpful; not working or effective.,antonyms,EASY,Futile,Useful
Evacuate,To move people from a dangerous place to safety; to clear out.,general-vocabulary,MEDIUM,Abandon,Occupate
Evacuate,To move people from a dangerous place to safety; to clear out.,synonyms,MEDIUM,Abandon,Occupate
Evacuate,To move people from a dangerous place to safety; to clear out.,antonyms,MEDIUM,Abandon,Occupate
Implausible,Not seeming reasonable or probable; difficult to believe.,general-vocabulary,HARD,Far-fetched,Plausible
Implausible,Not seeming reasonable or probable; difficult to believe.,synonyms,HARD,Far-fetched,Plausible
Implausible,Not seeming reasonable or probable; difficult to believe.,antonyms,HARD,Far-fetched,Plausible
Hard,Needing a lot of effort; not easy to do or understand.,general-vocabulary,EASY,Difficult,Easy
Hard,Needing a lot of effort; not easy to do or understand.,synonyms,EASY,Difficult,Easy
Hard,Needing a lot of effort; not easy to do or understand.,antonyms,EASY,Difficult,Easy
Fit,Having the right skills or qualities for a task; appropriate.,general-vocabulary,EASY,Suitable,Unsuitable
Fit,Having the right skills or qualities for a task; appropriate.,synonyms,EASY,Suitable,Unsuitable
Fit,Having the right skills or qualities for a task; appropriate.,antonyms,EASY,Suitable,Unsuitable
Balanced,Even and well-proportioned; not likely to tip or change suddenly.,general-vocabulary,EASY,Stable,Unstable
Balanced,Even and well-proportioned; not likely to tip or change suddenly.,synonyms,EASY,Stable,Unstable
Balanced,Even and well-proportioned; not likely to tip or change suddenly.,antonyms,EASY,Stable,Unstable
Orange,A colour between red and yellow; also a citrus fruit.,general-vocabulary,EASY,Amber,N/A
Orange,A colour between red and yellow; also a citrus fruit.,synonyms,EASY,Amber,N/A
Orange,A colour between red and yellow; also a citrus fruit.,antonyms,EASY,Amber,N/A
Dare,To have the courage to do something difficult or risky.,general-vocabulary,EASY,Venture,Cower
Dare,To have the courage to do something difficult or risky.,synonyms,EASY,Venture,Cower
Dare,To have the courage to do something difficult or risky.,antonyms,EASY,Venture,Cower
Rave,To speak wildly or very excitedly (in anger or in praise).,general-vocabulary,MEDIUM,Rant,Whisper
Rave,To speak wildly or very excitedly (in anger or in praise).,synonyms,MEDIUM,Rant,Whisper
Rave,To speak wildly or very excitedly (in anger or in praise).,antonyms,MEDIUM,Rant,Whisper
Pious,Deeply religious or showing strong religious feeling.,general-vocabulary,HARD,Devout,Impious
Pious,Deeply religious or showing strong religious feeling.,synonyms,HARD,Devout,Impious
Pious,Deeply religious or showing strong religious feeling.,antonyms,HARD,Devout,Impious
Pleasing,Giving a sense of enjoyment or satisfaction.,general-vocabulary,EASY,Appealing,Offensive
Pleasing,Giving a sense of enjoyment or satisfaction.,synonyms,EASY,Appealing,Offensive
Pleasing,Giving a sense of enjoyment or satisfaction.,antonyms,EASY,Appealing,Offensive
Light,To start something burning; to make light appear.,general-vocabulary,EASY,Ignite,Extinguish
Light,To start something burning; to make light appear.,synonyms,EASY,Ignite,Extinguish
Light,To start something burning; to make light appear.,antonyms,EASY,Ignite,Extinguish
Drowsy,Feeling sleepy and lacking energy.,general-vocabulary,EASY,Sleepy,Alert
Drowsy,Feeling sleepy and lacking energy.,synonyms,EASY,Sleepy,Alert
Drowsy,Feeling sleepy and lacking energy.,antonyms,EASY,Sleepy,Alert
Questionable,"Not certain, or possibly wrong or dishonest.",general-vocabulary,MEDIUM,Dubious,Certain
Questionable,"Not certain, or possibly wrong or dishonest.",synonyms,MEDIUM,Dubious,Certain
Questionable,"Not certain, or possibly wrong or dishonest.",antonyms,MEDIUM,Dubious,Certain
Loud,Making a lot of sound; very strong in volume.,general-vocabulary,EASY,Deafening,Quiet
Loud,Making a lot of sound; very strong in volume.,synonyms,EASY,Deafening,Quiet
Loud,Making a lot of sound; very strong in volume.,antonyms,EASY,Deafening,Quiet
Vendor,A person or company that sells goods or services.,general-vocabulary,MEDIUM,Trader,Buyer
Vendor,A person or company that sells goods or services.,synonyms,MEDIUM,Trader,Buyer
Vendor,A person or company that sells goods or services.,antonyms,MEDIUM,Trader,Buyer
Company,The people who are with you; companionship.,general-vocabulary,EASY,Presence,Solitude
Company,The people who are with you; companionship.,synonyms,EASY,Presence,Solitude
Company,The people who are with you; companionship.,antonyms,EASY,Presence,Solitude
Potential,Having the capacity to become something in the future.,general-vocabulary,MEDIUM,Possibility,Impossibility
Potential,Having the capacity to become something in the future.,synonyms,MEDIUM,Possibility,Impossibility
Potential,Having the capacity to become something in the future.,antonyms,MEDIUM,Possibility,Impossibility
Adoration,Deep love and admiration.,general-vocabulary,MEDIUM,Devotion,Hatred
Adoration,Deep love and admiration.,synonyms,MEDIUM,Devotion,Hatred
Adoration,Deep love and admiration.,antonyms,MEDIUM,Devotion,Hatred
Confine,To keep something or someone within certain boundaries.,general-vocabulary,MEDIUM,Restrict,Release
Confine,To keep something or someone within certain boundaries.,synonyms,MEDIUM,Restrict,Release
Confine,To keep something or someone within certain boundaries.,antonyms,MEDIUM,Restrict,Release
Defeat,To win against someone or something in a contest or struggle.,general-vocabulary,EASY,Conquer,Surrender
Defeat,To win against someone or something in a contest or struggle.,synonyms,EASY,Conquer,Surrender
Defeat,To win against someone or something in a contest or struggle.,antonyms,EASY,Conquer,Surrender
Clump,A group of things or people that are close together.,general-vocabulary,EASY,Cluster,Individual
Clump,A group of things or people that are close together.,synonyms,EASY,Cluster,Individual
Clump,A group of things or people that are close together.,antonyms,EASY,Cluster,Individual
Savage,"Extremely violent, cruel, or uncontrolled.",general-vocabulary,MEDIUM,Fierce,Gentle
Savage,"Extremely violent, cruel, or uncontrolled.",synonyms,MEDIUM,Fierce,Gentle
Savage,"Extremely violent, cruel, or uncontrolled.",antonyms,MEDIUM,Fierce,Gentle
Healing,Helping to make someone healthy again.,general-vocabulary,EASY,Restorative,Harmful
Healing,Helping to make someone healthy again.,synonyms,EASY,Restorative,Harmful
Healing,Helping to make someone healthy again.,antonyms,EASY,Restorative,Harmful
Concur,To have the same opinion; to agree with someone.,general-vocabulary,HARD,Agree,Disagree
Concur,To have the same opinion; to agree with someone.,synonyms,HARD,Agree,Disagree
Concur,To have the same opinion; to agree with someone.,antonyms,HARD,Agree,Disagree
Offend,"To make someone feel hurt, angry, or insulted.",general-vocabulary,EASY,Irritate,Please
Offend,"To make someone feel hurt, angry, or insulted.",synonyms,EASY,Irritate,Please
Offend,"To make someone feel hurt, angry, or insulted.",antonyms,EASY,Irritate,Please
Ascertain,To find out or learn something for certain.,general-vocabulary,HARD,Determine,Guess
Ascertain,To find out or learn something for certain.,synonyms,HARD,Determine,Guess
Ascertain,To find out or learn something for certain.,antonyms,HARD,Determine,Guess
Affable,Pleasant and easy to talk to; kind and polite.,general-vocabulary,HARD,Gracious,Unfriendly
Affable,Pleasant and easy to talk to; kind and polite.,synonyms,HARD,Gracious,Unfriendly
Affable,Pleasant and easy to talk to; kind and polite.,antonyms,HARD,Gracious,Unfriendly
Necessary,Needed for something to happen or be done.,general-vocabulary,EASY,Essential,Unnecessary
Necessary,Needed for something to happen or be done.,synonyms,EASY,Essential,Unnecessary
Necessary,Needed for something to happen or be done.,antonyms,EASY,Essential,Unnecessary
Relish,To take great pleasure in something.,general-vocabulary,MEDIUM,Savour,Dislike
Relish,To take great pleasure in something.,synonyms,MEDIUM,Savour,Dislike
Relish,To take great pleasure in something.,antonyms,MEDIUM,Savour,Dislike
Combust,To catch fire and begin burning.,general-vocabulary,MEDIUM,Ignite,Extinguish
Combust,To catch fire and begin burning.,synonyms,MEDIUM,Ignite,Extinguish
Combust,To catch fire and begin burning.,antonyms,MEDIUM,Ignite,Extinguish
Cruelty,Deliberately causing pain or suffering.,general-vocabulary,EASY,Brutality,Kindness
Cruelty,Deliberately causing pain or suffering.,synonyms,EASY,Brutality,Kindness
Cruelty,Deliberately causing pain or suffering.,antonyms,EASY,Brutality,Kindness
Renege,To go back on a promise or agreement.,general-vocabulary,HARD,Retract,Fulfill
Renege,To go back on a promise or agreement.,synonyms,HARD,Retract,Fulfill
Renege,To go back on a promise or agreement.,antonyms,HARD,Retract,Fulfill
Budding,Beginning to develop or show promise.,general-vocabulary,MEDIUM,Emerging,Fading
Budding,Beginning to develop or show promise.,synonyms,MEDIUM,Emerging,Fading
Budding,Beginning to develop or show promise.,antonyms,MEDIUM,Emerging,Fading
Ornamental,Used for decoration rather than practical use.,general-vocabulary,MEDIUM,Decorative,Functional
Ornamental,Used for decoration rather than practical use.,synonyms,MEDIUM,Decorative,Functional
Ornamental,Used for decoration rather than practical use.,antonyms,MEDIUM,Decorative,Functional
Fast,Moving or happening at great speed.,general-vocabulary,EASY,Rapid,Slow
Fast,Moving or happening at great speed.,synonyms,EASY,Rapid,Slow
Fast,Moving or happening at great speed.,antonyms,EASY,Rapid,Slow
Fraction,A small piece or a part of a whole.,general-vocabulary,EASY,Portion,Whole
Fraction,A small piece or a part of a whole.,synonyms,EASY,Portion,Whole
Fraction,A small piece or a part of a whole.,antonyms,EASY,Portion,Whole
Mysterious,Difficult to understand or explain; full of secrets.,general-vocabulary,EASY,Enigmatic,Clear
Mysterious,Difficult to understand or explain; full of secrets.,synonyms,EASY,Enigmatic,Clear
Mysterious,Difficult to understand or explain; full of secrets.,antonyms,EASY,Enigmatic,Clear
Indefatigable,Never getting tired or giving up.,general-vocabulary,HARD,Persistent,Lazy
Indefatigable,Never getting tired or giving up.,synonyms,HARD,Persistent,Lazy
Indefatigable,Never getting tired or giving up.,antonyms,HARD,Persistent,Lazy
Significant,Having great meaning or effect.,general-vocabulary,MEDIUM,Important,Insignificant
Significant,Having great meaning or effect.,synonyms,MEDIUM,Important,Insignificant
Significant,Having great meaning or effect.,antonyms,MEDIUM,Important,Insignificant
Hefty,Big and strong; substantial in size or amount.,general-vocabulary,MEDIUM,Substantial,Light
Hefty,Big and strong; substantial in size or amount.,synonyms,MEDIUM,Substantial,Light
Hefty,Big and strong; substantial in size or amount.,antonyms,MEDIUM,Substantial,Light
Oil,"A thick, smooth liquid used for cooking or making machines work smoothly.",general-vocabulary,EASY,Lubricant,N/A
Oil,"A thick, smooth liquid used for cooking or making machines work smoothly.",synonyms,EASY,Lubricant,N/A
Oil,"A thick, smooth liquid used for cooking or making machines work smoothly.",antonyms,EASY,Lubricant,N/A
Bedraggled,"Wet, dirty, and untidy.",general-vocabulary,HARD,Saturated,Neat
Bedraggled,"Wet, dirty, and untidy.",synonyms,HARD,Saturated,Neat
Bedraggled,"Wet, dirty, and untidy.",antonyms,HARD,Saturated,Neat
Pertinent,Connected to the subject being considered; suitable.,general-vocabulary,HARD,Relevant,Irrelevant
Pertinent,Connected to the subject being considered; suitable.,synonyms,HARD,Relevant,Irrelevant
Pertinent,Connected to the subject being considered; suitable.,antonyms,HARD,Relevant,Irrelevant
Groggy,"Weak, tired, or unable to think clearly, often after waking up.",general-vocabulary,MEDIUM,Dazed,Alert
Groggy,"Weak, tired, or unable to think clearly, often after waking up.",synonyms,MEDIUM,Dazed,Alert
Groggy,"Weak, tired, or unable to think clearly, often after waking up.",antonyms,MEDIUM,Dazed,Alert
Calculated,"Planned or intended, not by chance.",general-vocabulary,MEDIUM,Premeditated,Spontaneous
Calculated,"Planned or intended, not by chance.",synonyms,MEDIUM,Premeditated,Spontaneous
Calculated,"Planned or intended, not by chance.",antonyms,MEDIUM,Premeditated,Spontaneous
Stinginess,Unwillingness to give or spend; a lack of generosity.,general-vocabulary,MEDIUM,Miserliness,Generosity
Stinginess,Unwillingness to give or spend; a lack of generosity.,synonyms,MEDIUM,Miserliness,Generosity
Stinginess,Unwillingness to give or spend; a lack of generosity.,antonyms,MEDIUM,Miserliness,Generosity
Aversion,A strong feeling of not liking something or wanting to avoid it.,general-vocabulary,HARD,Dislike,Liking
Aversion,A strong feeling of not liking something or wanting to avoid it.,synonyms,HARD,Dislike,Liking
Aversion,A strong feeling of not liking something or wanting to avoid it.,antonyms,HARD,Dislike,Liking
Contort,To bend or twist out of a normal shape.,general-vocabulary,MEDIUM,Twist,Straighten
Contort,To bend or twist out of a normal shape.,synonyms,MEDIUM,Twist,Straighten
Contort,To bend or twist out of a normal shape.,antonyms,MEDIUM,Twist,Straighten
Buoyant,Feeling happy and confident; able to stay afloat.,general-vocabulary,HARD,Upbeat,Depressed
Buoyant,Feeling happy and confident; able to stay afloat.,synonyms,HARD,Upbeat,Depressed
Buoyant,Feeling happy and confident; able to stay afloat.,antonyms,HARD,Upbeat,Depressed
Harass,To trouble or annoy someone repeatedly.,general-vocabulary,MEDIUM,Pester,Comfort
Harass,To trouble or annoy someone repeatedly.,synonyms,MEDIUM,Pester,Comfort
Harass,To trouble or annoy someone repeatedly.,antonyms,MEDIUM,Pester,Comfort
Misery,Great unhappiness or physical/mental pain.,general-vocabulary,EASY,Agony,Joy
Misery,Great unhappiness or physical/mental pain.,synonyms,EASY,Agony,Joy
Misery,Great unhappiness or physical/mental pain.,antonyms,EASY,Agony,Joy
Admonish,To tell someone firmly that they have done something wrong.,general-vocabulary,HARD,Rebuke,Praise
Admonish,To tell someone firmly that they have done something wrong.,synonyms,HARD,Rebuke,Praise
Admonish,To tell someone firmly that they have done something wrong.,antonyms,HARD,Rebuke,Praise
Eaten,Already taken as food; having been eaten.,general-vocabulary,EASY,Consumed,Uneaten
Eaten,Already taken as food; having been eaten.,synonyms,EASY,Consumed,Uneaten
Eaten,Already taken as food; having been eaten.,antonyms,EASY,Consumed,Uneaten
Annual,Happening once every year.,general-vocabulary,EASY,Yearly,Perennial
Annual,Happening once every year.,synonyms,EASY,Yearly,Perennial
Annual,Happening once every year.,antonyms,EASY,Yearly,Perennial
Designate,To choose someone or something for a specific purpose or role.,general-vocabulary,MEDIUM,Select,Dismiss
Designate,To choose someone or something for a specific purpose or role.,synonyms,MEDIUM,Select,Dismiss
Designate,To choose someone or something for a specific purpose or role.,antonyms,MEDIUM,Select,Dismiss
Slay,To violently end the life of someone or something.,general-vocabulary,EASY,Slaughter,Protect
Slay,To violently end the life of someone or something.,synonyms,EASY,Slaughter,Protect
Slay,To violently end the life of someone or something.,antonyms,EASY,Slaughter,Protect
Apparel,Clothes or garments worn by people.,general-vocabulary,MEDIUM,Clothing,N/A
Apparel,Clothes or garments worn by people.,synonyms,MEDIUM,Clothing,N/A
Apparel,Clothes or garments worn by people.,antonyms,MEDIUM,Clothing,N/A
Orbit,"To move around something, such as a planet or star, in a path.",general-vocabulary,EASY,Circle,N/A
Orbit,"To move around something, such as a planet or star, in a path.",synonyms,EASY,Circle,N/A
Orbit,"To move around something, such as a planet or star, in a path.",antonyms,EASY,Circle,N/A
Append,To add or include something at the end of another thing.,general-vocabulary,MEDIUM,Attach,Detach
Append,To add or include something at the end of another thing.,synonyms,MEDIUM,Attach,Detach
Append,To add or include something at the end of another thing.,antonyms,MEDIUM,Attach,Detach
Lumber,Wood prepared for building or carpentry.,general-vocabulary,EASY,Timber,N/A
Lumber,Wood prepared for building or carpentry.,synonyms,EASY,Timber,N/A
Lumber,Wood prepared for building or carpentry.,antonyms,EASY,Timber,N/A
Insecure,Lacking confidence or stability.,general-vocabulary,EASY,Unsteady,Confident
Insecure,Lacking confidence or stability.,synonyms,EASY,Unsteady,Confident
Insecure,Lacking confidence or stability.,antonyms,EASY,Unsteady,Confident
Caretaker,"A person who looks after a place, person, or animal.",general-vocabulary,EASY,Steward,N/A
Caretaker,"A person who looks after a place, person, or animal.",synonyms,EASY,Steward,N/A
Caretaker,"A person who looks after a place, person, or animal.",antonyms,EASY,Steward,N/A
Scope,"The extent or area of activity, influence, or understanding.",general-vocabulary,MEDIUM,Opportunity,Limitation
Scope,"The extent or area of activity, influence, or understanding.",synonyms,MEDIUM,Opportunity,Limitation
Scope,"The extent or area of activity, influence, or understanding.",antonyms,MEDIUM,Opportunity,Limitation
Perfunctory,Done quickly without showing much interest or effort.,general-vocabulary,HARD,Careless,Thorough
Perfunctory,Done quickly without showing much interest or effort.,synonyms,HARD,Careless,Thorough
Perfunctory,Done quickly without showing much interest or effort.,antonyms,HARD,Careless,Thorough
Devoted,"Very loyal and loving, or giving a lot of time and effort to something.",general-vocabulary,EASY,Committed,Unfaithful
Devoted,"Very loyal and loving, or giving a lot of time and effort to something.",synonyms,EASY,Committed,Unfaithful
Devoted,"Very loyal and loving, or giving a lot of time and effort to something.",antonyms,EASY,Committed,Unfaithful
Fun,"Providing enjoyment, amusement, or pleasure.",general-vocabulary,EASY,Enjoyable,Boring
Fun,"Providing enjoyment, amusement, or pleasure.",synonyms,EASY,Enjoyable,Boring
Fun,"Providing enjoyment, amusement, or pleasure.",antonyms,EASY,Enjoyable,Boring
Exciting,"Making you feel eager, enthusiastic, or full of energy.",general-vocabulary,EASY,Thrilling,Dull
Exciting,"Making you feel eager, enthusiastic, or full of energy.",synonyms,EASY,Thrilling,Dull
Exciting,"Making you feel eager, enthusiastic, or full of energy.",antonyms,EASY,Thrilling,Dull
Elements,The different parts or features that make up something.,general-vocabulary,EASY,Components,Whole
Elements,The different parts or features that make up something.,synonyms,EASY,Components,Whole
Elements,The different parts or features that make up something.,antonyms,EASY,Components,Whole
Aspects,Particular parts or sides of something.,general-vocabulary,MEDIUM,Features,N/A
Aspects,Particular parts or sides of something.,synonyms,MEDIUM,Features,N/A
Aspects,Particular parts or sides of something.,antonyms,MEDIUM,Features,N/A
Warranty,A written promise to repair or replace something if it breaks within a certain time.,general-vocabulary,MEDIUM,Guarantee,N/A
Warranty,A written promise to repair or replace something if it breaks within a certain time.,synonyms,MEDIUM,Guarantee,N/A
Warranty,A written promise to repair or replace something if it breaks within a certain time.,antonyms,MEDIUM,Guarantee,N/A
Guarantee,A firm promise that something will happen or be done.,general-vocabulary,MEDIUM,Promise,N/A
Guarantee,A firm promise that something will happen or be done.,synonyms,MEDIUM,Promise,N/A
Guarantee,A firm promise that something will happen or be done.,antonyms,MEDIUM,Promise,N/A
Frequently,Happening many times or at short intervals.,general-vocabulary,EASY,Often,Rarely
Frequently,Happening many times or at short intervals.,synonyms,EASY,Often,Rarely
Frequently,Happening many times or at short intervals.,antonyms,EASY,Often,Rarely
Usually,In most cases; most of the time.,general-vocabulary,EASY,Normally,Unusually
Usually,In most cases; most of the time.,synonyms,EASY,Normally,Unusually
Usually,In most cases; most of the time.,antonyms,EASY,Normally,Unusually
Accord,An official or formal agreement between people or groups.,general-vocabulary,MEDIUM,Agreement,Discord
Accord,An official or formal agreement between people or groups.,synonyms,MEDIUM,Agreement,Discord
Accord,An official or formal agreement between people or groups.,antonyms,MEDIUM,Agreement,Discord
Agree,To have the same opinion or to say yes to something.,general-vocabulary,EASY,Concur,Disagree
Agree,To have the same opinion or to say yes to something.,synonyms,EASY,Concur,Disagree
Agree,To have the same opinion or to say yes to something.,antonyms,EASY,Concur,Disagree
Delighted,Very pleased and happy.,general-vocabulary,EASY,Thrilled,Sorrowful
Delighted,Very pleased and happy.,synonyms,EASY,Thrilled,Sorrowful
Delighted,Very pleased and happy.,antonyms,EASY,Thrilled,Sorrowful
Thrilled,Very excited and pleased.,general-vocabulary,EASY,Excited,Disappointed
Thrilled,Very excited and pleased.,synonyms,EASY,Excited,Disappointed
Thrilled,Very excited and pleased.,antonyms,EASY,Excited,Disappointed
Existing,Already in place or happening now; not new.,general-vocabulary,EASY,Current,Nonexistent
Existing,Already in place or happening now; not new.,synonyms,EASY,Current,Nonexistent
Existing,Already in place or happening now; not new.,antonyms,EASY,Current,Nonexistent
Subterranean,Located or happening under the ground.,general-vocabulary,HARD,Underground,Surface
Subterranean,Located or happening under the ground.,synonyms,HARD,Underground,Surface
Subterranean,Located or happening under the ground.,antonyms,HARD,Underground,Surface
Location,A particular place or position.,general-vocabulary,EASY,Place,N/A
Location,A particular place or position.,synonyms,EASY,Place,N/A
Location,A particular place or position.,antonyms,EASY,Place,N/A
Venue,The place where an event happens.,general-vocabulary,MEDIUM,Site,N/A
Venue,The place where an event happens.,synonyms,MEDIUM,Site,N/A
Venue,The place where an event happens.,antonyms,MEDIUM,Site,N/A
Vile,Extremely unpleasant or morally bad.,general-vocabulary,MEDIUM,Disgusting,Pleasant
Vile,Extremely unpleasant or morally bad.,synonyms,MEDIUM,Disgusting,Pleasant
Vile,Extremely unpleasant or morally bad.,antonyms,MEDIUM,Disgusting,Pleasant
Repulsive,Causing strong dislike or disgust.,general-vocabulary,MEDIUM,Revolting,Attractive
Repulsive,Causing strong dislike or disgust.,synonyms,MEDIUM,Revolting,Attractive
Repulsive,Causing strong dislike or disgust.,antonyms,MEDIUM,Revolting,Attractive
Committed,"Loyal and determined to support a person, plan, or cause.",general-vocabulary,EASY,Dedicated,Uncommitted
Committed,"Loyal and determined to support a person, plan, or cause.",synonyms,EASY,Dedicated,Uncommitted
Committed,"Loyal and determined to support a person, plan, or cause.",antonyms,EASY,Dedicated,Uncommitted
Disintegrate,To break into small parts or fall apart completely.,general-vocabulary,MEDIUM,Crumble,Assemble
Disintegrate,To break into small parts or fall apart completely.,synonyms,MEDIUM,Crumble,Assemble
Disintegrate,To break into small parts or fall apart completely.,antonyms,MEDIUM,Crumble,Assemble
Crumble,To break or fall apart into small pieces.,general-vocabulary,EASY,Disintegrate,Build
Crumble,To break or fall apart into small pieces.,synonyms,EASY,Disintegrate,Build
Crumble,To break or fall apart into small pieces.,antonyms,EASY,Disintegrate,Build
Stigma,A strong feeling of shame or disapproval linked to something.,general-vocabulary,HARD,Disgrace,Honor
Stigma,A strong feeling of shame or disapproval linked to something.,synonyms,HARD,Disgrace,Honor
Stigma,A strong feeling of shame or disapproval linked to something.,antonyms,HARD,Disgrace,Honor
Infamy,Being well known for something bad or shocking.,general-vocabulary,HARD,Notoriety,Fame
Infamy,Being well known for something bad or shocking.,synonyms,HARD,Notoriety,Fame
Infamy,Being well known for something bad or shocking.,antonyms,HARD,Notoriety,Fame
Particle,A very small piece of something.,general-vocabulary,MEDIUM,Speck,Whole
Particle,A very small piece of something.,synonyms,MEDIUM,Speck,Whole
Particle,A very small piece of something.,antonyms,MEDIUM,Speck,Whole
Speck,A tiny mark or small piece of something.,general-vocabulary,EASY,Spot,N/A
Speck,A tiny mark or small piece of something.,synonyms,EASY,Spot,N/A
Speck,A tiny mark or small piece of something.,antonyms,EASY,Spot,N/A
Coax,To gently persuade someone to do something.,general-vocabulary,MEDIUM,Persuade,Force
Coax,To gently persuade someone to do something.,synonyms,MEDIUM,Persuade,Force
Coax,To gently persuade someone to do something.,antonyms,MEDIUM,Persuade,Force
Persuade,To cause someone to do or believe something by reasoning or asking.,general-vocabulary,MEDIUM,Convince,Dissuade
Persuade,To cause someone to do or believe something by reasoning or asking.,synonyms,MEDIUM,Convince,Dissuade
Persuade,To cause someone to do or believe something by reasoning or asking.,antonyms,MEDIUM,Convince,Dissuade
Betrayal,The act of being disloyal or breaking someone's trust.,general-vocabulary,MEDIUM,Treachery,Loyalty
Betrayal,The act of being disloyal or breaking someone's trust.,synonyms,MEDIUM,Treachery,Loyalty
Betrayal,The act of being disloyal or breaking someone's trust.,antonyms,MEDIUM,Treachery,Loyalty
Disloyalty,A lack of loyalty; not being faithful or supportive.,general-vocabulary,EASY,Unfaithfulness,Loyalty
Disloyalty,A lack of loyalty; not being faithful or supportive.,synonyms,EASY,Unfaithfulness,Loyalty
Disloyalty,A lack of loyalty; not being faithful or supportive.,antonyms,EASY,Unfaithfulness,Loyalty
Develop,To grow or change into a more advanced form.,general-vocabulary,EASY,Evolve,Regress
Develop,To grow or change into a more advanced form.,synonyms,EASY,Evolve,Regress
Develop,To grow or change into a more advanced form.,antonyms,EASY,Evolve,Regress
Expand,To become larger or to make something larger.,general-vocabulary,EASY,Enlarge,Shrink
Expand,To become larger or to make something larger.,synonyms,EASY,Enlarge,Shrink
Expand,To become larger or to make something larger.,antonyms,EASY,Enlarge,Shrink
Concerning,About something; relating to a particular topic.,general-vocabulary,MEDIUM,Regarding,N/A
Concerning,About something; relating to a particular topic.,synonyms,MEDIUM,Regarding,N/A
Concerning,About something; relating to a particular topic.,antonyms,MEDIUM,Regarding,N/A
About,On the subject of; relating to.,general-vocabulary,EASY,Regarding,N/A
About,On the subject of; relating to.,synonyms,EASY,Regarding,N/A
About,On the subject of; relating to.,antonyms,EASY,Regarding,N/A
Similar,Nearly the same; having a lot in common.,general-vocabulary,EASY,Comparable,Different
Similar,Nearly the same; having a lot in common.,synonyms,EASY,Comparable,Different
Similar,Nearly the same; having a lot in common.,antonyms,EASY,Comparable,Different
Likewise,In the same way; also.,general-vocabulary,MEDIUM,Similarly,Otherwise
Likewise,In the same way; also.,synonyms,MEDIUM,Similarly,Otherwise
Likewise,In the same way; also.,antonyms,MEDIUM,Similarly,Otherwise
Regret,A feeling of sadness or disappointment about something that happened.,general-vocabulary,EASY,Remorse,Satisfaction
Regret,A feeling of sadness or disappointment about something that happened.,synonyms,EASY,Remorse,Satisfaction
Regret,A feeling of sadness or disappointment about something that happened.,antonyms,EASY,Remorse,Satisfaction
Deplore,To feel strong disapproval of something or be very sorry about it.,general-vocabulary,HARD,Condemn,Applaud
Deplore,To feel strong disapproval of something or be very sorry about it.,synonyms,HARD,Condemn,Applaud
Deplore,To feel strong disapproval of something or be very sorry about it.,antonyms,HARD,Condemn,Applaud
Horrendous,"Extremely bad, unpleasant, or frightening.",general-vocabulary,MEDIUM,Terrible,Wonderful
Horrendous,"Extremely bad, unpleasant, or frightening.",synonyms,MEDIUM,Terrible,Wonderful
Horrendous,"Extremely bad, unpleasant, or frightening.",antonyms,MEDIUM,Terrible,Wonderful
Appalling,Causing shock or strong disapproval because it is very bad.,general-vocabulary,MEDIUM,Shocking,Delightful
Appalling,Causing shock or strong disapproval because it is very bad.,synonyms,MEDIUM,Shocking,Delightful
Appalling,Causing shock or strong disapproval because it is very bad.,antonyms,MEDIUM,Shocking,Delightful
Wantonly,"In a careless or cruel way, without thinking of the consequences.",general-vocabulary,HARD,Recklessly,Cautiously
Wantonly,"In a careless or cruel way, without thinking of the consequences.",synonyms,HARD,Recklessly,Cautiously
Wantonly,"In a careless or cruel way, without thinking of the consequences.",antonyms,HARD,Recklessly,Cautiously
Randomly,Without a plan or pattern; by chance.,general-vocabulary,EASY,Haphazardly,Systematically
Randomly,Without a plan or pattern; by chance.,synonyms,EASY,Haphazardly,Systematically
Randomly,Without a plan or pattern; by chance.,antonyms,EASY,Haphazardly,Systematically
Impulse,A sudden strong wish to do something without thinking.,general-vocabulary,MEDIUM,Urge,Deliberation
Impulse,A sudden strong wish to do something without thinking.,synonyms,MEDIUM,Urge,Deliberation
Impulse,A sudden strong wish to do something without thinking.,antonyms,MEDIUM,Urge,Deliberation
hang arond,To stay near a place and not leave quickly.,general-vocabulary,EASY,Linger,Leave
hang arond,To stay near a place and not leave quickly.,synonyms,EASY,Linger,Leave
hang arond,To stay near a place and not leave quickly.,antonyms,EASY,Linger,Leave
Thrive,To grow or develop well; to do very well.,general-vocabulary,MEDIUM,Flourish,Fail
Thrive,To grow or develop well; to do very well.,synonyms,MEDIUM,Flourish,Fail
Thrive,To grow or develop well; to do very well.,antonyms,MEDIUM,Flourish,Fail
Boom,To increase or become successful very quickly.,general-vocabulary,EASY,Prosper,Decline
Boom,To increase or become successful very quickly.,synonyms,EASY,Prosper,Decline
Boom,To increase or become successful very quickly.,antonyms,EASY,Prosper,Decline
